latitude,longitude,elevation,utc_offset_seconds,timezone,timezone_abbreviation
28.646748,77.2748,231.0,19800,Asia/Kolkata,GMT+5:30

time,temperature_2m (°C),relative_humidity_2m (%),precipitation (mm),weather_code (wmo code),wind_direction_10m (°),wind_speed_10m (km/h)
2026-04-01T00:00,22.0,69,0.00,0,15,6.9
2026-04-01T01:00,21.5,68,0.00,0,17,6.9
2026-04-01T02:00,20.6,71,0.00,0,3,6.5
2026-04-01T03:00,19.8,78,0.00,0,135,2.3
2026-04-01T04:00,19.4,81,0.00,3,125,2.8
2026-04-01T05:00,19.5,83,0.00,3,9,2.2
2026-04-01T06:00,19.6,83,0.00,1,61,1.9
2026-04-01T07:00,21.0,71,0.00,2,122,1.7
2026-04-01T08:00,23.6,60,0.00,0,45,0.3
2026-04-01T09:00,26.8,47,0.00,0,320,1.4
2026-04-01T10:00,29.8,35,0.00,1,279,1.1
2026-04-01T11:00,31.6,31,0.00,3,189,6.0
2026-04-01T12:00,32.8,28,0.00,3,212,5.1
2026-04-01T13:00,33.5,25,0.00,3,234,4.0
2026-04-01T14:00,32.5,25,0.00,3,220,10.3
2026-04-01T15:00,32.8,24,0.00,3,214,6.7
2026-04-01T16:00,31.9,26,0.00,3,292,4.3
2026-04-01T17:00,30.8,34,0.00,3,9,10.2
2026-04-01T18:00,29.5,39,0.00,3,12,8.1
2026-04-01T19:00,28.4,44,0.00,3,6,8.7
2026-04-01T20:00,27.6,45,0.00,3,32,6.4
2026-04-01T21:00,26.8,46,0.00,1,36,6.2
2026-04-01T22:00,26.0,48,0.00,3,33,6.0
2026-04-01T23:00,26.0,53,0.00,3,23,6.5
2026-04-02T00:00,25.0,56,0.00,3,23,5.9
2026-04-02T01:00,23.7,62,0.00,3,33,4.3
2026-04-02T02:00,23.1,64,0.00,3,44,5.0
2026-04-02T03:00,22.9,62,0.00,2,22,5.6
2026-04-02T04:00,22.2,63,0.00,2,26,4.6
2026-04-02T05:00,21.9,69,0.00,1,24,3.5
2026-04-02T06:00,21.6,71,0.00,3,36,3.3
2026-04-02T07:00,23.0,66,0.00,3,299,1.9
2026-04-02T08:00,25.7,56,0.00,3,342,1.1
2026-04-02T09:00,28.9,44,0.00,1,174,1.6
2026-04-02T10:00,32.2,33,0.00,2,168,2.6
2026-04-02T11:00,33.8,24,0.00,3,209,10.1
2026-04-02T12:00,33.8,25,0.00,3,170,4.9
2026-04-02T13:00,35.0,23,0.00,3,220,4.2
2026-04-02T14:00,33.3,26,0.00,2,213,9.6
2026-04-02T15:00,33.7,25,0.00,3,207,2.4
2026-04-02T16:00,33.7,25,0.00,2,217,0.9
2026-04-02T17:00,33.7,29,0.00,3,84,5.1
2026-04-02T18:00,32.8,30,0.00,1,72,4.6
2026-04-02T19:00,31.5,34,0.00,0,77,7.0
2026-04-02T20:00,30.6,36,0.00,0,62,4.3
2026-04-02T21:00,28.6,42,0.00,0,97,4.4
2026-04-02T22:00,27.1,50,0.00,0,99,3.6
2026-04-02T23:00,26.6,56,0.00,0,107,2.4
2026-04-03T00:00,26.4,56,0.00,0,120,4.0
2026-04-03T01:00,26.0,56,0.00,3,134,6.2
2026-04-03T02:00,25.3,57,0.00,3,217,2.7
2026-04-03T03:00,25.3,59,0.00,3,360,0.4
2026-04-03T04:00,24.4,61,0.00,3,6,1.6
2026-04-03T05:00,24.1,64,0.00,3,254,12.7
2026-04-03T06:00,23.2,62,0.00,3,263,14.3
2026-04-03T07:00,22.9,60,0.00,3,265,14.5
2026-04-03T08:00,23.7,58,0.00,3,286,12.0
2026-04-03T09:00,26.0,51,0.00,3,286,11.1
2026-04-03T10:00,28.5,42,0.00,3,289,13.3
2026-04-03T11:00,30.0,37,0.00,3,303,12.1
2026-04-03T12:00,31.2,33,0.00,3,308,10.0
2026-04-03T13:00,31.6,32,0.00,3,332,7.2
2026-04-03T14:00,32.2,31,0.00,3,350,8.0
2026-04-03T15:00,27.4,43,0.30,51,293,11.5
2026-04-03T16:00,27.0,47,0.00,3,345,5.0
2026-04-03T17:00,30.6,29,0.00,3,305,9.8
2026-04-03T18:00,26.8,49,0.00,3,302,11.9
2026-04-03T19:00,26.0,52,0.00,3,285,10.6
2026-04-03T20:00,25.0,54,0.00,3,262,15.6
2026-04-03T21:00,23.8,57,0.30,51,319,6.6
2026-04-03T22:00,23.2,60,0.00,3,297,5.1
2026-04-03T23:00,22.6,77,0.00,3,18,6.3
2026-04-04T00:00,22.5,77,0.00,3,354,6.7
2026-04-04T01:00,22.2,77,0.00,3,347,8.7
2026-04-04T02:00,21.6,78,0.00,3,31,7.7
2026-04-04T03:00,21.1,80,0.00,3,20,4.2
2026-04-04T04:00,21.2,79,0.00,3,313,3.4
2026-04-04T05:00,21.5,81,0.00,3,284,5.9
2026-04-04T06:00,21.6,81,0.00,3,283,7.2
2026-04-04T07:00,22.3,77,0.00,3,315,5.1
2026-04-04T08:00,23.9,68,0.00,3,315,4.8
2026-04-04T09:00,25.9,55,0.00,3,342,4.6
2026-04-04T10:00,27.2,42,0.00,3,336,6.5
2026-04-04T11:00,30.2,32,0.00,3,317,8.7
2026-04-04T12:00,30.6,33,0.00,2,343,6.2
2026-04-04T13:00,29.2,39,1.00,55,198,0.6
2026-04-04T14:00,25.0,53,0.30,51,226,8.8
2026-04-04T15:00,26.0,51,0.00,2,214,2.6
2026-04-04T16:00,27.5,45,0.00,3,254,2.6
2026-04-04T17:00,25.9,63,0.00,3,270,3.8
2026-04-04T18:00,25.3,69,0.00,3,211,3.1
2026-04-04T19:00,24.9,69,0.00,3,196,3.9
2026-04-04T20:00,24.5,69,0.00,3,232,5.5
2026-04-04T21:00,23.6,73,0.00,3,236,3.9
2026-04-04T22:00,22.9,77,0.00,3,133,3.4
2026-04-04T23:00,23.1,68,0.00,2,276,5.1
2026-04-05T00:00,22.9,67,0.00,3,329,8.6
2026-04-05T01:00,21.7,75,0.00,3,3,3.2
2026-04-05T02:00,21.4,73,0.00,1,272,4.9
2026-04-05T03:00,20.8,71,0.00,0,311,5.5
2026-04-05T04:00,19.6,76,0.00,1,342,5.7
2026-04-05T05:00,20.6,81,0.00,0,231,2.6
2026-04-05T06:00,20.8,78,0.00,1,308,4.1
2026-04-05T07:00,21.1,72,0.40,51,179,10.6
2026-04-05T08:00,21.2,76,0.30,51,227,3.2
2026-04-05T09:00,23.9,66,0.00,1,29,8.1
2026-04-05T10:00,25.1,60,0.00,0,95,2.0
2026-04-05T11:00,27.8,44,0.00,1,329,4.6
2026-04-05T12:00,28.9,35,0.00,2,301,6.7
2026-04-05T13:00,28.9,33,0.00,1,281,10.4
2026-04-05T14:00,27.8,36,0.30,51,283,9.4
2026-04-05T15:00,28.8,32,0.00,1,277,2.9
2026-04-05T16:00,28.5,32,0.00,1,266,4.9
2026-04-05T17:00,25.9,56,0.00,1,45,1.3
2026-04-05T18:00,24.7,64,0.00,0,48,5.1
2026-04-05T19:00,23.1,70,0.00,0,87,3.8
2026-04-05T20:00,22.9,71,0.00,0,342,1.1
2026-04-05T21:00,22.5,70,0.00,0,207,0.8
2026-04-05T22:00,21.8,76,0.00,0,223,3.9
2026-04-05T23:00,23.2,49,0.00,0,349,8.6
2026-04-06T00:00,22.0,54,0.00,0,339,6.6
2026-04-06T01:00,21.6,55,0.00,0,354,7.4
2026-04-06T02:00,20.6,62,0.00,0,9,5.5
2026-04-06T03:00,19.9,67,0.00,0,358,4.1
2026-04-06T04:00,19.6,68,0.00,0,4,2.5
2026-04-06T05:00,19.9,71,0.00,1,333,0.4
2026-04-06T06:00,20.2,72,0.00,0,27,0.4
2026-04-06T07:00,21.6,67,0.00,0,259,1.8
2026-04-06T08:00,23.6,60,0.00,0,297,0.4
2026-04-06T09:00,25.9,51,0.00,0,216,1.5
2026-04-06T10:00,28.4,37,0.00,0,258,3.5
2026-04-06T11:00,29.7,25,0.00,0,298,6.5
2026-04-06T12:00,30.4,25,0.00,1,319,7.1
2026-04-06T13:00,30.7,25,0.00,1,312,8.5
2026-04-06T14:00,30.7,24,0.00,1,313,9.2
2026-04-06T15:00,30.5,23,0.00,0,322,8.2
2026-04-06T16:00,30.5,23,0.00,1,310,6.4
2026-04-06T17:00,30.9,20,0.00,1,245,9.7
2026-04-06T18:00,27.1,33,0.00,1,214,10.9
2026-04-06T19:00,26.0,43,0.00,0,256,4.5
2026-04-06T20:00,25.5,47,0.00,0,298,3.5
2026-04-06T21:00,24.8,47,0.00,0,315,1.5
2026-04-06T22:00,24.2,48,0.00,0,211,1.0
2026-04-06T23:00,24.6,39,0.00,0,278,9.3
2026-04-07T00:00,24.0,43,0.00,3,270,7.6
2026-04-07T01:00,23.9,44,0.00,3,5,7.8
2026-04-07T02:00,22.9,47,0.00,0,9,7.7
2026-04-07T03:00,21.8,50,0.00,0,12,6.1
2026-04-07T04:00,21.1,52,0.00,1,41,5.7
2026-04-07T05:00,19.9,63,0.00,0,76,5.8
2026-04-07T06:00,19.9,63,0.00,2,135,6.4
2026-04-07T07:00,21.1,59,0.00,1,125,9.7
2026-04-07T08:00,23.4,51,0.00,3,126,6.4
2026-04-07T09:00,26.4,42,0.00,3,149,9.0
2026-04-07T10:00,28.2,36,0.00,3,147,12.1
2026-04-07T11:00,28.1,35,0.00,3,133,13.6
2026-04-07T12:00,27.5,36,0.10,51,156,14.0
2026-04-07T13:00,25.1,46,1.20,55,163,11.8
2026-04-07T14:00,22.9,61,0.20,51,79,9.2
2026-04-07T15:00,21.8,68,1.10,55,16,4.5
2026-04-07T16:00,20.6,78,1.00,55,81,3.5
2026-04-07T17:00,21.9,70,0.30,51,70,12.1
2026-04-07T18:00,20.9,73,0.00,0,74,7.1
2026-04-07T19:00,20.0,77,0.00,2,67,8.6
2026-04-07T20:00,19.4,79,0.00,3,81,8.9
2026-04-07T21:00,18.1,88,1.90,61,232,6.7
2026-04-07T22:00,17.9,91,1.70,61,96,9.2
2026-04-07T23:00,18.1,91,3.60,63,90,8.1
2026-04-08T00:00,17.5,92,0.00,3,117,5.5
2026-04-08T01:00,18.0,88,0.00,3,178,6.5
2026-04-08T02:00,17.2,90,1.00,55,156,9.3
2026-04-08T03:00,17.0,93,0.30,51,94,9.7
2026-04-08T04:00,17.1,91,0.00,2,162,3.6
2026-04-08T05:00,17.1,97,0.00,3,177,3.1
2026-04-08T06:00,17.2,91,0.90,53,273,7.2
2026-04-08T07:00,17.5,89,0.40,51,335,7.6
2026-04-08T08:00,18.2,88,0.00,1,331,4.1
2026-04-08T09:00,20.5,73,0.00,1,342,5.9
2026-04-08T10:00,21.8,65,0.00,0,29,4.5
2026-04-08T11:00,23.2,54,0.10,51,99,2.2
2026-04-08T12:00,24.5,52,0.00,1,333,0.4
2026-04-08T13:00,25.0,51,0.00,0,279,1.1
2026-04-08T14:00,25.6,47,0.00,0,317,3.4
2026-04-08T15:00,25.7,45,0.00,1,297,4.8
2026-04-08T16:00,25.1,45,0.00,1,334,5.4
2026-04-08T17:00,23.9,54,0.10,51,230,2.8
2026-04-08T18:00,22.0,59,0.70,53,69,7.7
2026-04-08T19:00,20.4,68,0.00,0,108,10.8
2026-04-08T20:00,19.8,72,0.00,0,112,10.1
2026-04-08T21:00,19.1,75,0.00,0,108,9.7
2026-04-08T22:00,18.5,77,0.00,0,116,8.2
2026-04-08T23:00,19.2,81,0.00,0,128,8.9
2026-04-09T00:00,18.5,81,0.00,0,118,7.6
2026-04-09T01:00,18.0,83,0.00,0,99,7.1
2026-04-09T02:00,17.4,86,0.00,0,113,8.2
2026-04-09T03:00,16.9,92,0.00,0,117,7.5
2026-04-09T04:00,16.5,96,0.00,0,75,5.6
2026-04-09T05:00,16.0,96,0.00,1,126,4.9
2026-04-09T06:00,16.8,97,0.00,3,116,5.4
2026-04-09T07:00,17.4,94,0.00,3,108,4.7
2026-04-09T08:00,18.9,87,0.00,1,115,3.8
2026-04-09T09:00,21.1,79,0.00,0,94,2.3
2026-04-09T10:00,23.3,69,0.00,0,77,1.7
2026-04-09T11:00,25.5,53,0.00,0,301,1.0
2026-04-09T12:00,27.0,41,0.00,1,302,5.5
2026-04-09T13:00,27.4,33,0.00,1,322,7.6
2026-04-09T14:00,27.9,29,0.00,0,332,7.6
2026-04-09T15:00,28.1,27,0.00,0,322,8.9
2026-04-09T16:00,28.0,26,0.00,0,310,10.1
2026-04-09T17:00,27.4,35,0.00,1,50,11.0
2026-04-09T18:00,25.6,51,0.00,1,135,0.8
2026-04-09T19:00,24.4,58,0.00,0,180,0.9
2026-04-09T20:00,23.5,59,0.00,0,333,1.6
2026-04-09T21:00,22.1,62,0.00,0,325,3.7
2026-04-09T22:00,21.4,53,0.00,0,356,12.3
2026-04-09T23:00,20.8,57,0.00,0,18,7.6
2026-04-10T00:00,19.6,65,0.00,0,351,5.8
2026-04-10T01:00,19.2,66,0.00,0,337,6.5
2026-04-10T02:00,18.7,68,0.00,0,323,6.3
2026-04-10T03:00,18.0,71,0.00,0,307,5.4
2026-04-10T04:00,17.8,71,0.00,0,294,6.5
2026-04-10T05:00,18.0,71,0.00,0,300,9.0
2026-04-10T06:00,18.0,71,0.00,0,302,9.3
2026-04-10T07:00,19.0,69,0.00,0,290,7.9
2026-04-10T08:00,20.9,61,0.00,0,287,8.7
2026-04-10T09:00,23.1,52,0.00,0,291,10.8
2026-04-10T10:00,25.0,43,0.00,0,302,14.1
2026-04-10T11:00,27.6,35,0.00,0,303,14.3
2026-04-10T12:00,29.1,30,0.00,0,301,15.5
2026-04-10T13:00,30.2,26,0.00,0,298,16.5
2026-04-10T14:00,30.9,23,0.00,0,297,17.5
2026-04-10T15:00,31.1,22,0.00,0,296,18.8
2026-04-10T16:00,30.8,21,0.00,0,297,19.6
2026-04-10T17:00,31.1,19,0.00,0,295,18.1
2026-04-10T18:00,30.0,20,0.00,0,289,16.6
2026-04-10T19:00,28.9,22,0.00,0,291,15.8
2026-04-10T20:00,27.6,26,0.00,0,289,14.1
2026-04-10T21:00,26.2,30,0.00,0,292,14.4
2026-04-10T22:00,25.5,33,0.00,0,302,14.2
2026-04-10T23:00,25.4,36,0.00,0,305,13.8
2026-04-11T00:00,24.8,37,0.00,0,309,13.6
2026-04-11T01:00,24.3,39,0.00,0,311,13.3
2026-04-11T02:00,23.5,42,0.00,0,316,12.0
2026-04-11T03:00,22.2,46,0.00,1,316,9.3
2026-04-11T04:00,21.5,49,0.00,1,322,9.9
2026-04-11T05:00,21.5,52,0.00,0,324,10.4
2026-04-11T06:00,21.4,54,0.00,0,318,10.2
2026-04-11T07:00,22.5,52,0.00,0,305,8.1
2026-04-11T08:00,24.7,45,0.00,0,309,8.6
2026-04-11T09:00,27.0,38,0.00,0,318,9.7
2026-04-11T10:00,29.0,33,0.00,1,328,11.6
2026-04-11T11:00,30.7,29,0.00,0,316,12.2
2026-04-11T12:00,32.5,24,0.00,3,306,11.6
2026-04-11T13:00,33.0,22,0.00,2,302,13.3
2026-04-11T14:00,33.0,20,0.00,1,296,12.6
2026-04-11T15:00,33.0,19,0.00,0,292,12.3
2026-04-11T16:00,32.7,20,0.00,1,291,12.7
2026-04-11T17:00,31.3,24,0.00,1,336,12.4
2026-04-11T18:00,29.8,29,0.00,2,348,10.3
2026-04-11T19:00,28.3,32,0.00,2,343,7.3
2026-04-11T20:00,27.6,34,0.00,1,2,6.8
2026-04-11T21:00,27.2,33,0.00,1,344,5.8
2026-04-11T22:00,26.8,34,0.00,0,356,7.8
2026-04-11T23:00,26.5,39,0.00,1,2,11.0
2026-04-12T00:00,25.0,42,0.00,1,18,8.3
2026-04-12T01:00,24.8,42,0.00,1,356,8.7
2026-04-12T02:00,24.1,42,0.00,2,34,4.5
2026-04-12T03:00,23.7,44,0.00,0,331,2.3
2026-04-12T04:00,22.7,47,0.00,0,308,3.0
2026-04-12T05:00,22.6,56,0.00,0,315,3.6
2026-04-12T06:00,22.6,56,0.00,0,302,7.2
2026-04-12T07:00,23.8,51,0.00,0,300,7.1
2026-04-12T08:00,25.9,43,0.00,0,302,6.5
2026-04-12T09:00,28.4,37,0.00,0,310,7.8
2026-04-12T10:00,30.6,28,0.00,0,307,10.2
2026-04-12T11:00,32.2,23,0.00,0,303,11.4
2026-04-12T12:00,33.3,21,0.00,0,308,11.2
2026-04-12T13:00,33.9,19,0.00,0,315,12.2
2026-04-12T14:00,34.1,19,0.00,0,318,13.4
2026-04-12T15:00,34.0,18,0.00,0,318,13.1
2026-04-12T16:00,33.8,18,0.00,0,309,12.9
2026-04-12T17:00,33.8,17,0.00,0,322,12.6
2026-04-12T18:00,32.1,20,0.00,0,330,10.0
2026-04-12T19:00,30.4,23,0.00,0,325,9.9
2026-04-12T20:00,28.8,25,0.00,0,327,9.6
2026-04-12T21:00,27.4,27,0.00,0,342,7.7
2026-04-12T22:00,26.2,29,0.00,0,341,7.8
2026-04-12T23:00,25.9,31,0.00,0,338,9.3
2026-04-13T00:00,25.0,33,0.00,0,340,8.8
2026-04-13T01:00,24.1,36,0.00,0,332,8.5
2026-04-13T02:00,23.3,38,0.00,0,335,7.7
2026-04-13T03:00,22.6,40,0.00,0,342,8.1
2026-04-13T04:00,22.0,41,0.00,0,342,7.0
2026-04-13T05:00,21.9,47,0.00,0,330,6.2
2026-04-13T06:00,22.0,46,0.00,0,301,6.3
2026-04-13T07:00,23.4,42,0.00,0,279,6.0
2026-04-13T08:00,25.8,36,0.00,0,277,6.0
2026-04-13T09:00,28.1,30,0.00,0,293,6.9
2026-04-13T10:00,30.4,23,0.00,0,304,8.9
2026-04-13T11:00,32.3,20,0.00,0,301,11.5
2026-04-13T12:00,33.8,17,0.00,0,298,12.1
2026-04-13T13:00,34.7,14,0.00,0,299,13.4
2026-04-13T14:00,35.0,13,0.00,1,294,13.8
2026-04-13T15:00,35.0,13,0.00,0,296,13.8
2026-04-13T16:00,34.6,14,0.00,0,296,14.2
2026-04-13T17:00,34.8,13,0.00,0,305,13.2
2026-04-13T18:00,33.7,14,0.00,0,293,9.8
2026-04-13T19:00,32.0,16,0.00,3,273,7.2
2026-04-13T20:00,31.0,19,0.00,3,271,7.7
2026-04-13T21:00,30.2,20,0.00,3,278,9.1
2026-04-13T22:00,28.7,21,0.00,1,324,8.0
2026-04-13T23:00,27.1,26,0.00,0,354,7.4
2026-04-14T00:00,25.3,31,0.00,0,360,5.6
2026-04-14T01:00,24.4,36,0.00,0,9,6.9
2026-04-14T02:00,23.6,42,0.00,0,360,6.1
2026-04-14T03:00,22.6,46,0.00,0,332,3.9
2026-04-14T04:00,22.2,48,0.00,0,324,4.0
2026-04-14T05:00,22.4,50,0.00,0,341,4.4
2026-04-14T06:00,22.7,49,0.00,0,277,3.1
2026-04-14T07:00,25.1,41,0.00,0,289,5.5
2026-04-14T08:00,28.3,33,0.00,0,285,3.5
2026-04-14T09:00,31.4,24,0.00,0,288,4.7
2026-04-14T10:00,34.0,17,0.00,0,308,5.5
2026-04-14T11:00,35.6,13,0.00,0,311,8.6
2026-04-14T12:00,36.8,13,0.00,0,299,8.5
2026-04-14T13:00,37.6,13,0.00,0,290,9.8
2026-04-14T14:00,38.0,12,0.00,0,296,11.0
2026-04-14T15:00,37.8,12,0.00,0,302,11.7
2026-04-14T16:00,37.3,12,0.00,0,300,11.6
2026-04-14T17:00,37.2,12,0.00,0,315,12.2
2026-04-14T18:00,35.8,13,0.00,1,312,7.8
2026-04-14T19:00,34.1,15,0.00,0,282,4.2
2026-04-14T20:00,33.2,18,0.00,0,311,5.0
2026-04-14T21:00,30.5,23,0.00,0,15,10.3
2026-04-14T22:00,29.0,25,0.00,0,17,8.1
2026-04-14T23:00,28.6,27,0.00,1,10,7.3
2026-04-15T00:00,27.0,30,0.00,1,8,3.8
2026-04-15T01:00,26.2,31,0.00,0,7,4.4
2026-04-15T02:00,25.1,33,0.00,0,351,4.6
2026-04-15T03:00,24.4,35,0.00,0,337,5.1
2026-04-15T04:00,23.8,36,0.00,0,333,4.8
2026-04-15T05:00,23.6,44,0.00,0,321,4.0
2026-04-15T06:00,23.7,43,0.00,0,299,4.1
2026-04-15T07:00,25.8,37,0.00,0,300,6.1
2026-04-15T08:00,28.8,30,0.00,0,297,4.4
2026-04-15T09:00,31.9,24,0.00,0,314,5.7
2026-04-15T10:00,34.7,18,0.00,0,322,7.6
2026-04-15T11:00,36.6,13,0.00,0,314,11.3
2026-04-15T12:00,37.8,12,0.00,0,314,11.7
2026-04-15T13:00,38.5,10,0.00,0,315,13.0
2026-04-15T14:00,38.7,10,0.00,0,316,13.7
2026-04-15T15:00,38.5,9,0.00,0,313,14.3
2026-04-15T16:00,37.8,10,0.00,0,311,14.0
2026-04-15T17:00,37.8,10,0.00,0,319,12.9
2026-04-15T18:00,36.4,12,0.00,0,310,8.7
2026-04-15T19:00,35.1,13,0.00,0,288,7.6
2026-04-15T20:00,34.2,14,0.00,0,291,7.1
2026-04-15T21:00,32.1,16,0.00,0,314,5.0
2026-04-15T22:00,30.8,19,0.00,0,331,5.6
2026-04-15T23:00,29.5,23,0.00,0,304,4.1
2026-04-16T00:00,27.1,28,0.00,0,313,3.2
2026-04-16T01:00,26.1,31,0.00,1,354,3.6
2026-04-16T02:00,25.4,36,0.00,0,6,3.3
2026-04-16T03:00,24.8,38,0.00,0,17,3.8
2026-04-16T04:00,24.6,38,0.00,1,337,2.3
2026-04-16T05:00,24.7,50,0.00,0,27,0.4
2026-04-16T06:00,24.4,46,0.00,0,270,0.0
2026-04-16T07:00,26.5,40,0.00,0,113,1.4
2026-04-16T08:00,30.5,29,0.00,0,270,0.0
2026-04-16T09:00,33.7,21,0.00,1,352,1.3
2026-04-16T10:00,36.0,16,0.00,1,332,3.1
2026-04-16T11:00,37.5,14,0.00,2,304,4.5
2026-04-16T12:00,39.3,11,0.00,3,312,7.8
2026-04-16T13:00,39.8,10,0.00,1,323,10.5
2026-04-16T14:00,39.8,11,0.00,0,324,11.3
2026-04-16T15:00,40.0,10,0.00,3,307,12.0
2026-04-16T16:00,39.2,11,0.00,3,304,15.7
2026-04-16T17:00,38.8,11,0.00,3,352,10.5
2026-04-16T18:00,36.8,16,0.00,3,360,7.4
2026-04-16T19:00,34.5,23,0.00,3,60,5.0
2026-04-16T20:00,33.2,23,0.00,3,136,7.3
2026-04-16T21:00,31.9,26,0.00,3,103,3.1
2026-04-16T22:00,30.8,29,0.00,3,150,2.9
2026-04-16T23:00,30.6,29,0.00,3,149,4.2
2026-04-17T00:00,29.4,31,0.00,3,147,4.9
2026-04-17T01:00,28.4,32,0.00,3,159,4.0
2026-04-17T02:00,28.4,32,0.00,3,170,3.1
2026-04-17T03:00,28.1,31,0.00,3,196,4.5
2026-04-17T04:00,27.0,34,0.00,3,300,2.5
2026-04-17T05:00,27.0,33,0.00,3,172,5.4
2026-04-17T06:00,28.2,31,0.00,3,179,7.2
2026-04-17T07:00,30.0,28,0.00,3,184,9.2
2026-04-17T08:00,32.7,23,0.00,3,188,2.5
2026-04-17T09:00,34.8,20,0.00,3,153,5.9
2026-04-17T10:00,37.1,16,0.00,3,162,6.4
2026-04-17T11:00,37.9,17,0.00,3,75,7.5
2026-04-17T12:00,38.2,17,0.00,3,98,6.4
2026-04-17T13:00,39.0,15,0.00,3,130,8.0
2026-04-17T14:00,40.3,12,0.00,2,162,8.3
2026-04-17T15:00,40.5,11,0.00,3,223,13.9
2026-04-17T16:00,38.5,15,0.00,2,292,12.3
2026-04-17T17:00,33.6,29,0.00,1,26,11.6
2026-04-17T18:00,31.9,31,0.00,2,44,11.3
2026-04-17T19:00,30.8,31,0.00,1,43,7.4
2026-04-17T20:00,29.9,33,0.00,2,352,6.7
2026-04-17T21:00,29.4,33,0.00,0,34,5.8
2026-04-17T22:00,28.6,35,0.00,0,81,3.6
2026-04-17T23:00,27.8,41,0.00,0,105,4.1
2026-04-18T00:00,27.0,42,0.00,0,112,2.9
2026-04-18T01:00,26.5,43,0.00,2,37,3.9
2026-04-18T02:00,26.0,43,0.00,3,331,3.3
2026-04-18T03:00,25.7,43,0.00,3,234,4.0
2026-04-18T04:00,25.0,45,0.00,1,295,3.8
2026-04-18T05:00,25.1,55,0.00,2,333,6.3
2026-04-18T06:00,24.6,57,0.00,1,309,6.5
2026-04-18T07:00,26.4,51,0.00,1,301,5.6
2026-04-18T08:00,29.5,41,0.00,0,304,4.5
2026-04-18T09:00,32.8,32,0.00,1,310,5.4
2026-04-18T10:00,35.3,25,0.00,1,311,6.2
2026-04-18T11:00,36.9,22,0.00,0,306,7.3
2026-04-18T12:00,39.0,17,0.00,0,295,9.1
2026-04-18T13:00,40.0,14,0.00,0,296,9.8
2026-04-18T14:00,40.5,13,0.00,0,293,9.8
2026-04-18T15:00,40.5,11,0.00,0,271,11.2
2026-04-18T16:00,39.9,12,0.00,0,270,11.7
2026-04-18T17:00,39.5,11,0.00,0,282,9.0
2026-04-18T18:00,37.9,13,0.00,3,332,6.1
2026-04-18T19:00,35.8,18,0.00,3,341,6.1
2026-04-18T20:00,34.5,19,0.00,3,333,5.6
2026-04-18T21:00,33.3,21,0.00,3,325,4.4
2026-04-18T22:00,32.6,21,0.00,0,277,4.4
2026-04-18T23:00,32.3,25,0.00,3,252,1.1
2026-04-19T00:00,30.6,27,0.00,3,254,1.3
2026-04-19T01:00,29.5,28,0.00,0,293,2.3
2026-04-19T02:00,28.6,29,0.00,1,298,4.7
2026-04-19T03:00,28.0,30,0.00,3,303,5.3
2026-04-19T04:00,27.0,33,0.00,3,302,4.4
2026-04-19T05:00,26.1,43,0.00,3,310,4.2
2026-04-19T06:00,26.7,42,0.00,3,287,5.5
2026-04-19T07:00,28.4,38,0.00,3,281,4.6
2026-04-19T08:00,31.5,32,0.00,2,288,2.8
2026-04-19T09:00,35.0,25,0.00,1,282,5.2
2026-04-19T10:00,37.3,21,0.00,3,297,5.9
2026-04-19T11:00,39.2,14,0.00,3,320,9.3
2026-04-19T12:00,40.0,13,0.00,2,316,10.8
2026-04-19T13:00,40.5,11,0.00,3,282,15.3
2026-04-19T14:00,39.6,11,0.00,3,269,12.4
2026-04-19T15:00,40.3,11,0.00,3,284,10.0
2026-04-19T16:00,39.3,11,0.00,3,295,14.9
2026-04-19T17:00,38.8,11,0.00,0,271,14.4
2026-04-19T18:00,37.8,11,0.00,0,295,9.7
2026-04-19T19:00,36.2,13,0.00,0,288,4.7
2026-04-19T20:00,34.2,17,0.00,0,307,3.9
2026-04-19T21:00,33.8,16,0.00,0,321,7.2
2026-04-19T22:00,31.5,19,0.00,0,350,9.1
2026-04-19T23:00,30.2,26,0.00,0,360,8.8
2026-04-20T00:00,29.4,27,0.00,0,351,8.8
2026-04-20T01:00,28.6,29,0.00,0,336,7.9
2026-04-20T02:00,28.0,30,0.00,0,328,7.0
2026-04-20T03:00,27.4,32,0.00,0,322,6.7
2026-04-20T04:00,26.8,34,0.00,0,322,6.2
2026-04-20T05:00,26.6,42,0.00,0,328,8.7
2026-04-20T06:00,26.6,42,0.00,0,322,9.6
2026-04-20T07:00,28.0,40,0.00,0,302,6.4
2026-04-20T08:00,30.4,35,0.00,0,306,5.8
2026-04-20T09:00,33.5,28,0.00,0,311,6.0
2026-04-20T10:00,36.4,19,0.00,0,308,9.1
2026-04-20T11:00,38.2,15,0.00,0,301,10.3
2026-04-20T12:00,39.2,13,0.00,0,301,11.4
2026-04-20T13:00,39.7,11,0.00,2,294,13.9
2026-04-20T14:00,39.3,11,0.00,1,288,15.1
2026-04-20T15:00,39.3,10,0.00,1,288,14.9
2026-04-20T16:00,38.8,11,0.00,0,290,14.2
2026-04-20T17:00,38.1,12,0.00,0,303,16.0
2026-04-20T18:00,36.8,13,0.00,0,300,13.6
2026-04-20T19:00,35.3,14,0.00,0,295,12.5
2026-04-20T20:00,33.9,14,0.00,0,286,9.7
2026-04-20T21:00,32.5,15,0.00,0,282,8.5
2026-04-20T22:00,31.5,16,0.00,0,281,8.6
2026-04-20T23:00,31.1,15,0.00,3,301,9.8
2026-04-21T00:00,30.0,15,0.00,0,311,9.8
2026-04-21T01:00,29.0,16,0.00,0,306,7.7
2026-04-21T02:00,28.1,17,0.00,0,297,6.7
2026-04-21T03:00,27.4,18,0.00,0,312,6.5
2026-04-21T04:00,26.5,20,0.00,0,304,5.4
2026-04-21T05:00,27.0,24,0.00,0,330,6.9
2026-04-21T06:00,26.6,26,0.00,0,287,4.3
2026-04-21T07:00,28.3,24,0.00,0,251,6.7
2026-04-21T08:00,30.7,21,0.00,0,276,7.2
2026-04-21T09:00,33.4,19,0.00,0,281,7.9
2026-04-21T10:00,35.8,16,0.00,0,293,10.4
2026-04-21T11:00,37.5,13,0.00,0,294,15.7
2026-04-21T12:00,38.5,12,0.00,0,292,17.7
2026-04-21T13:00,39.0,12,0.00,0,287,18.1
2026-04-21T14:00,39.0,12,0.00,0,284,17.8
2026-04-21T15:00,38.7,13,0.00,0,284,17.6
2026-04-21T16:00,38.3,14,0.00,0,276,16.8
2026-04-21T17:00,38.0,13,0.00,0,269,13.7
2026-04-21T18:00,36.8,15,0.00,1,279,9.9
2026-04-21T19:00,35.2,17,0.00,0,305,6.8
2026-04-21T20:00,34.1,18,0.00,0,294,7.1
2026-04-21T21:00,33.2,20,0.00,0,288,7.6
2026-04-21T22:00,32.5,21,0.00,0,298,6.1
2026-04-21T23:00,31.4,24,0.00,0,349,9.2
2026-04-22T00:00,29.5,28,0.00,2,317,4.5
2026-04-22T01:00,28.5,30,0.00,1,322,4.4
2026-04-22T02:00,27.9,30,0.00,3,320,4.7
2026-04-22T03:00,27.6,30,0.00,3,312,4.6
2026-04-22T04:00,27.4,30,0.00,3,285,4.8
2026-04-22T05:00,27.1,32,0.00,0,267,6.7
2026-04-22T06:00,26.9,33,0.00,0,267,6.7
2026-04-22T07:00,28.3,32,0.00,0,266,7.2
2026-04-22T08:00,30.6,28,0.00,0,259,8.6
2026-04-22T09:00,33.8,21,0.00,0,271,9.9
2026-04-22T10:00,36.4,17,0.00,0,280,11.0
2026-04-22T11:00,38.2,14,0.00,0,283,13.3
2026-04-22T12:00,39.6,12,0.00,0,287,15.2
2026-04-22T13:00,40.2,11,0.00,0,289,15.8
2026-04-22T14:00,40.6,11,0.00,0,293,15.5
2026-04-22T15:00,40.5,10,0.00,0,297,15.0
2026-04-22T16:00,40.0,11,0.00,0,304,14.8
2026-04-22T17:00,39.4,12,0.00,0,324,15.3
2026-04-22T18:00,38.2,13,0.00,0,331,10.7
2026-04-22T19:00,36.5,15,0.00,0,306,7.6
2026-04-22T20:00,35.2,16,0.00,0,298,6.9
2026-04-22T21:00,33.7,18,0.00,0,316,6.5
2026-04-22T22:00,32.1,21,0.00,0,299,4.8
2026-04-22T23:00,31.8,23,0.00,0,260,4.9
2026-04-23T00:00,30.0,25,0.00,0,296,4.6
2026-04-23T01:00,29.7,25,0.00,0,273,6.0
2026-04-23T02:00,28.9,27,0.00,0,251,6.1
2026-04-23T03:00,28.4,28,0.00,0,248,7.8
2026-04-23T04:00,28.1,27,0.00,0,262,9.8
2026-04-23T05:00,29.0,24,0.00,0,250,11.3
2026-04-23T06:00,29.0,20,0.00,0,250,12.1
2026-04-23T07:00,30.0,18,0.00,0,251,10.6
2026-04-23T08:00,31.9,16,0.00,0,259,10.8
2026-04-23T09:00,34.3,15,0.00,0,270,10.6
2026-04-23T10:00,36.8,13,0.00,0,273,10.6
2026-04-23T11:00,38.8,12,0.00,0,266,11.9
2026-04-23T12:00,40.5,11,0.00,0,259,11.9
2026-04-23T13:00,41.2,11,0.00,0,267,9.4
2026-04-23T14:00,41.4,11,0.00,0,283,8.1
2026-04-23T15:00,41.3,11,0.00,0,298,8.1
2026-04-23T16:00,40.7,11,0.00,0,307,9.5
2026-04-23T17:00,39.8,12,0.00,0,286,9.6
2026-04-23T18:00,39.0,13,0.00,0,266,8.7
2026-04-23T19:00,37.7,15,0.00,0,275,8.7
2026-04-23T20:00,36.2,17,0.00,0,274,5.6
2026-04-23T21:00,34.6,19,0.00,0,222,8.4
2026-04-23T22:00,33.5,21,0.00,0,237,7.5
2026-04-23T23:00,32.5,26,0.00,0,264,4.9
2026-04-24T00:00,30.7,28,0.00,0,347,3.9
2026-04-24T01:00,29.9,35,0.00,0,230,1.4
2026-04-24T02:00,29.4,30,0.00,0,260,5.1
2026-04-24T03:00,29.5,29,0.00,0,266,5.8
2026-04-24T04:00,29.2,29,0.00,0,245,7.7
2026-04-24T05:00,28.5,35,0.00,0,243,5.2
2026-04-24T06:00,29.0,31,0.00,0,253,5.1
2026-04-24T07:00,30.4,29,0.00,0,279,4.7
2026-04-24T08:00,32.6,26,0.00,0,254,5.2
2026-04-24T09:00,35.5,22,0.00,0,274,5.8
2026-04-24T10:00,38.1,18,0.00,0,279,4.7
2026-04-24T11:00,40.0,15,0.00,0,270,4.3
2026-04-24T12:00,41.7,13,0.00,1,299,6.8
2026-04-24T13:00,42.2,12,0.00,1,326,8.7
2026-04-24T14:00,41.9,13,0.00,2,331,7.8
2026-04-24T15:00,42.0,13,0.00,2,332,8.0
2026-04-24T16:00,41.6,13,0.00,2,323,8.4
2026-04-24T17:00,41.1,11,0.00,3,359,7.9
2026-04-24T18:00,39.5,14,0.00,2,5,4.3
2026-04-24T19:00,37.4,33,0.00,0,315,0.3
2026-04-24T20:00,36.3,25,0.00,0,198,1.1
2026-04-24T21:00,35.0,23,0.00,0,286,3.9
2026-04-24T22:00,33.3,23,0.00,0,320,4.5
2026-04-24T23:00,33.1,28,0.00,0,6,7.1
2026-04-25T00:00,32.3,30,0.00,0,350,7.0
2026-04-25T01:00,31.4,31,0.00,0,327,6.2
2026-04-25T02:00,30.8,29,0.00,0,304,6.1
2026-04-25T03:00,30.1,28,0.00,0,312,5.4
2026-04-25T04:00,29.5,29,0.00,0,309,5.1
2026-04-25T05:00,28.9,43,0.00,0,348,3.5
2026-04-25T06:00,29.7,36,0.00,0,324,4.2
2026-04-25T07:00,31.4,33,0.00,0,273,7.6
2026-04-25T08:00,33.3,29,0.00,0,288,8.0
2026-04-25T09:00,36.2,24,0.00,0,299,7.0
2026-04-25T10:00,39.1,19,0.00,0,312,8.3
2026-04-25T11:00,40.9,14,0.00,1,324,10.7
2026-04-25T12:00,41.8,13,0.00,1,325,11.9
2026-04-25T13:00,42.0,12,0.00,2,324,14.0
2026-04-25T14:00,42.2,13,0.00,3,305,14.3
2026-04-25T15:00,42.0,12,0.00,3,309,15.7
2026-04-25T16:00,41.2,13,0.00,3,321,17.7
2026-04-25T17:00,41.3,12,0.00,3,318,16.6
2026-04-25T18:00,40.0,13,0.00,1,314,13.1
2026-04-25T19:00,38.2,15,0.00,3,295,8.9
2026-04-25T20:00,37.0,16,0.00,0,294,9.4
2026-04-25T21:00,35.7,18,0.00,1,306,7.6
2026-04-25T22:00,34.3,20,0.00,3,323,6.6
2026-04-25T23:00,33.6,23,0.00,3,336,6.5
2026-04-26T00:00,32.8,25,0.00,2,332,6.5
2026-04-26T01:00,32.3,27,0.00,0,324,6.4
2026-04-26T02:00,31.4,30,0.00,0,315,5.3
2026-04-26T03:00,31.0,31,0.00,0,310,6.4
2026-04-26T04:00,30.2,33,0.00,0,303,6.6
2026-04-26T05:00,29.8,36,0.00,0,294,6.3
2026-04-26T06:00,30.0,35,0.00,0,277,7.6
2026-04-26T07:00,31.3,33,0.00,0,275,6.9
2026-04-26T08:00,33.6,29,0.00,0,285,6.3
2026-04-26T09:00,36.3,25,0.00,0,298,7.6
2026-04-26T10:00,38.5,21,0.00,0,309,10.4
2026-04-26T11:00,40.2,19,0.00,0,305,12.0
2026-04-26T12:00,41.2,17,0.00,1,308,14.2
2026-04-26T13:00,41.5,16,0.00,2,309,14.7
2026-04-26T14:00,41.5,15,0.00,1,299,15.5
2026-04-26T15:00,41.0,14,0.00,3,288,19.3
2026-04-26T16:00,39.9,16,0.00,3,284,18.6
2026-04-26T17:00,40.7,14,0.00,3,300,17.0
2026-04-26T18:00,39.7,15,0.00,1,298,15.5
2026-04-26T19:00,38.4,16,0.00,3,298,12.6
2026-04-26T20:00,37.2,17,0.00,0,284,10.2
2026-04-26T21:00,35.9,18,0.00,0,298,7.2
2026-04-26T22:00,34.5,21,0.00,0,304,5.4
2026-04-26T23:00,33.7,21,0.00,0,341,7.1
2026-04-27T00:00,31.4,25,0.00,0,347,4.8
2026-04-27T01:00,30.2,30,0.00,0,331,3.7
2026-04-27T02:00,29.5,32,0.00,2,307,3.6
2026-04-27T03:00,29.1,29,0.00,3,313,4.5
2026-04-27T04:00,28.5,31,0.00,2,312,4.3
2026-04-27T05:00,29.1,35,0.00,3,313,4.7
2026-04-27T06:00,30.1,28,0.00,3,321,4.9
2026-04-27T07:00,31.8,27,0.00,1,299,5.2
2026-04-27T08:00,34.2,23,0.00,0,307,4.8
2026-04-27T09:00,36.8,18,0.00,0,316,6.0
2026-04-27T10:00,38.9,14,0.00,0,315,7.4
2026-04-27T11:00,39.8,14,0.00,0,322,8.7
2026-04-27T12:00,41.2,13,0.00,0,308,9.8
2026-04-27T13:00,42.2,13,0.00,0,308,11.2
2026-04-27T14:00,42.5,14,0.00,0,303,14.2
2026-04-27T15:00,42.2,13,0.00,1,292,17.3
2026-04-27T16:00,41.5,13,0.00,3,295,19.1
2026-04-27T17:00,41.1,11,0.00,2,308,13.7
2026-04-27T18:00,40.2,12,0.00,3,294,8.1
2026-04-27T19:00,38.1,15,0.00,3,268,5.0
2026-04-27T20:00,38.2,14,0.00,3,281,10.1
2026-04-27T21:00,34.0,26,0.00,3,266,19.8
2026-04-27T22:00,33.8,26,0.00,3,265,18.1
2026-04-27T23:00,33.7,25,0.00,3,249,13.5
2026-04-28T00:00,32.6,28,0.00,3,277,7.8
2026-04-28T01:00,31.8,31,0.00,3,279,7.3
2026-04-28T02:00,31.2,33,0.00,3,272,9.5
2026-04-28T03:00,30.8,34,0.00,3,305,12.3
2026-04-28T04:00,30.5,34,0.00,3,305,11.6
2026-04-28T05:00,29.8,38,0.00,1,311,7.4
2026-04-28T06:00,30.5,37,0.00,2,309,8.8
2026-04-28T07:00,31.4,36,0.00,1,238,8.2
2026-04-28T08:00,33.0,34,0.00,1,292,9.9
2026-04-28T09:00,34.8,30,0.00,1,329,8.4
2026-04-28T10:00,36.5,25,0.00,0,351,8.2
2026-04-28T11:00,36.4,27,0.00,0,53,9.9
2026-04-28T12:00,37.5,25,0.00,3,38,6.7
2026-04-28T13:00,36.4,25,0.00,2,80,3.1
2026-04-28T14:00,37.8,22,0.00,2,252,3.6
2026-04-28T15:00,36.3,24,0.00,3,305,7.9
2026-04-28T16:00,36.2,25,0.00,3,255,6.3
2026-04-28T17:00,35.8,24,0.00,3,24,9.7
2026-04-28T18:00,34.8,26,0.00,0,20,7.3
2026-04-28T19:00,33.6,29,0.00,0,59,4.8
2026-04-28T20:00,32.7,32,0.00,0,66,5.3
2026-04-28T21:00,32.0,33,0.00,0,48,7.0
2026-04-28T22:00,31.1,35,0.00,0,43,6.1
2026-04-28T23:00,30.9,42,0.00,3,57,8.8
2026-04-29T00:00,30.9,43,0.00,2,73,4.3
2026-04-29T01:00,29.6,46,0.00,2,36,12.7
2026-04-29T02:00,29.0,45,0.00,1,23,9.2
2026-04-29T03:00,28.4,47,0.00,3,180,2.7
2026-04-29T04:00,27.5,51,0.00,3,309,3.5
2026-04-29T05:00,27.5,59,0.00,3,310,9.3
2026-04-29T06:00,27.4,59,0.00,3,273,7.7
2026-04-29T07:00,28.1,55,0.00,3,115,3.0
2026-04-29T08:00,29.8,48,0.00,3,78,2.6
2026-04-29T09:00,30.5,43,0.00,3,54,4.0
2026-04-29T10:00,32.8,33,0.00,3,17,6.0
2026-04-29T11:00,33.5,30,0.00,3,86,7.8
2026-04-29T12:00,35.0,24,0.00,1,97,6.9
2026-04-29T13:00,36.1,22,0.00,1,103,5.0
2026-04-29T14:00,36.5,22,0.00,1,86,5.6
2026-04-29T15:00,36.5,22,0.00,0,81,5.7
2026-04-29T16:00,36.5,22,0.00,1,72,7.6
2026-04-29T17:00,34.0,26,0.00,0,77,4.1
2026-04-29T18:00,33.5,27,0.00,0,63,6.8
2026-04-29T19:00,32.7,29,0.00,0,74,9.0
2026-04-29T20:00,31.8,31,0.00,0,93,6.7
2026-04-29T21:00,30.9,35,0.00,0,88,5.0
2026-04-29T22:00,30.1,37,0.00,0,98,3.8
2026-04-29T23:00,30.0,41,0.00,0,115,3.8
2026-04-30T00:00,28.7,49,0.00,0,97,2.9
2026-04-30T01:00,28.4,46,0.00,0,177,3.2
2026-04-30T02:00,28.0,52,0.00,0,117,1.2
2026-04-30T03:00,27.4,55,0.00,0,129,1.2
2026-04-30T04:00,26.8,57,0.00,0,172,2.7
2026-04-30T05:00,27.0,55,0.00,0,190,4.2
2026-04-30T06:00,28.0,51,0.00,0,178,5.8
2026-04-30T07:00,29.4,46,0.00,0,180,6.3
2026-04-30T08:00,31.8,40,0.00,1,172,5.4
2026-04-30T09:00,34.4,32,0.00,1,176,8.5
2026-04-30T10:00,35.8,27,0.00,1,181,7.7
2026-04-30T11:00,36.3,17,0.00,2,192,3.5
2026-04-30T12:00,37.7,16,0.00,2,133,3.7
2026-04-30T13:00,34.9,24,0.00,2,102,14.7
2026-04-30T14:00,34.8,23,0.10,51,128,11.7
2026-04-30T15:00,35.3,21,0.00,2,204,8.9
2026-04-30T16:00,36.0,19,0.00,1,212,8.7
2026-04-30T17:00,31.0,43,0.00,1,74,14.6
2026-04-30T18:00,29.3,50,0.00,0,55,12.7
2026-04-30T19:00,28.2,54,0.00,0,74,9.7
2026-04-30T20:00,27.9,56,0.00,0,72,10.6
2026-04-30T21:00,27.4,60,0.00,0,101,8.6
2026-04-30T22:00,26.9,62,0.00,0,124,8.9
2026-04-30T23:00,24.9,68,0.00,0,154,7.8
2026-05-01T00:00,24.0,70,0.00,0,169,10.8
2026-05-01T01:00,23.6,69,0.00,0,176,11.6
2026-05-01T02:00,23.4,69,0.00,0,175,10.1
2026-05-01T03:00,22.9,72,0.00,0,149,8.0
2026-05-01T04:00,22.2,76,0.00,0,119,5.6
2026-05-01T05:00,22.7,79,0.00,0,107,9.1
2026-05-01T06:00,22.7,80,0.00,0,101,6.6
2026-05-01T07:00,23.5,80,0.00,0,91,7.2
2026-05-01T08:00,25.1,74,0.00,0,106,8.3
2026-05-01T09:00,27.1,65,0.00,0,107,9.8
2026-05-01T10:00,29.0,57,0.00,0,114,9.3
2026-05-01T11:00,30.6,51,0.00,0,115,8.9
2026-05-01T12:00,32.0,46,0.00,0,115,7.3
2026-05-01T13:00,33.2,42,0.00,0,111,5.4
2026-05-01T14:00,33.9,39,0.00,1,73,2.4
2026-05-01T15:00,34.4,37,0.00,0,30,2.9
2026-05-01T16:00,34.8,35,0.00,0,18,4.6
2026-05-01T17:00,32.8,36,0.00,0,137,5.9
2026-05-01T18:00,32.0,40,0.00,1,127,3.9
2026-05-01T19:00,30.8,50,0.00,3,83,2.9
2026-05-01T20:00,30.4,44,0.00,0,93,6.7
2026-05-01T21:00,29.3,47,0.00,0,97,5.8
2026-05-01T22:00,28.5,50,0.00,0,107,5.1
2026-05-01T23:00,28.4,51,0.00,0,122,7.8
2026-05-02T00:00,27.8,53,0.00,0,121,7.3
2026-05-02T01:00,27.1,56,0.00,0,128,6.2
2026-05-02T02:00,26.6,57,0.00,0,145,5.9
2026-05-02T03:00,26.2,59,0.00,0,140,5.4
2026-05-02T04:00,25.9,59,0.00,0,132,5.1
2026-05-02T05:00,25.7,65,0.00,0,150,6.9
2026-05-02T06:00,26.5,62,0.00,1,146,3.2
2026-05-02T07:00,28.0,57,0.00,0,130,2.8
2026-05-02T08:00,30.0,51,0.00,0,135,4.6
2026-05-02T09:00,32.3,43,0.00,0,126,6.2
2026-05-02T10:00,34.2,37,0.00,0,121,5.2
2026-05-02T11:00,35.0,35,0.00,1,101,7.5
2026-05-02T12:00,34.4,35,0.20,51,77,7.0
2026-05-02T13:00,34.2,36,0.00,1,215,2.2
2026-05-02T14:00,34.5,35,0.00,1,237,10.0
2026-05-02T15:00,35.5,30,0.00,1,259,5.9
2026-05-02T16:00,35.7,29,0.00,0,242,3.5
2026-05-02T17:00,34.9,28,0.00,2,144,10.9
2026-05-02T18:00,34.0,31,0.00,1,119,11.3
2026-05-02T19:00,33.0,33,0.00,0,124,9.3
2026-05-02T20:00,32.0,36,0.00,0,96,9.2
2026-05-02T21:00,31.1,38,0.00,0,90,6.1
2026-05-02T22:00,30.4,40,0.00,0,106,7.3
2026-05-02T23:00,31.1,41,0.00,3,157,9.8
2026-05-03T00:00,30.0,43,0.00,0,165,8.8
2026-05-03T01:00,29.0,46,0.00,0,171,5.8
2026-05-03T02:00,28.5,47,0.00,0,175,8.7
2026-05-03T03:00,27.9,47,0.00,0,165,8.6
2026-05-03T04:00,27.0,49,0.00,0,131,5.5
2026-05-03T05:00,25.5,57,0.00,0,125,9.7
2026-05-03T06:00,25.6,58,0.00,0,130,9.6
2026-05-03T07:00,27.1,55,0.00,0,131,10.7
2026-05-03T08:00,29.4,51,0.00,0,124,11.3
2026-05-03T09:00,31.6,46,0.00,0,133,10.6
2026-05-03T10:00,33.8,40,0.00,0,127,8.1
2026-05-03T11:00,34.5,34,0.00,1,60,9.0
2026-05-03T12:00,33.5,37,0.00,3,73,17.5
2026-05-03T13:00,32.2,44,1.30,61,82,9.3
2026-05-03T14:00,32.6,43,0.00,0,106,14.6
2026-05-03T15:00,33.5,38,0.00,2,108,14.3
2026-05-03T16:00,33.5,38,0.00,0,123,13.8
2026-05-03T17:00,33.4,38,0.00,0,114,13.0
2026-05-03T18:00,32.8,43,0.00,0,89,12.1
2026-05-03T19:00,32.0,45,0.00,0,88,13.0
2026-05-03T20:00,31.1,48,0.00,1,98,13.4
2026-05-03T21:00,30.0,52,0.00,1,104,12.0
2026-05-03T22:00,29.0,55,0.00,1,106,12.5
2026-05-03T23:00,29.5,52,0.00,3,275,9.0
2026-05-04T00:00,26.4,64,0.10,51,330,17.8
2026-05-04T01:00,23.3,78,0.10,51,346,16.5
2026-05-04T02:00,23.2,75,0.10,51,360,5.6
2026-05-04T03:00,22.2,83,2.00,61,121,13.0
2026-05-04T04:00,22.6,77,0.40,51,121,9.0
2026-05-04T05:00,21.6,91,0.70,53,117,9.9
2026-05-04T06:00,21.1,93,0.90,53,81,14.2
2026-05-04T07:00,21.1,86,0.30,51,93,17.8
2026-05-04T08:00,22.5,77,0.00,3,252,3.6
2026-05-04T09:00,24.4,63,0.00,3,47,5.9
2026-05-04T10:00,26.3,58,0.00,0,68,11.5
2026-05-04T11:00,27.4,55,0.00,0,100,14.6
2026-05-04T12:00,28.4,50,0.00,0,107,13.9
2026-05-04T13:00,29.5,39,0.00,0,103,14.2
2026-05-04T14:00,30.2,39,0.00,2,108,11.0
2026-05-04T15:00,30.2,41,0.00,1,116,9.4
2026-05-04T16:00,30.0,41,0.00,1,130,8.9
2026-05-04T17:00,29.0,47,0.00,1,106,10.1
2026-05-04T18:00,28.0,54,0.00,0,98,10.0
2026-05-04T19:00,27.0,60,0.00,0,99,8.8
2026-05-04T20:00,26.4,62,0.00,0,116,10.0
2026-05-04T21:00,25.7,66,0.00,0,78,7.9
2026-05-04T22:00,24.9,71,0.00,0,62,9.6
2026-05-04T23:00,24.8,76,0.00,3,77,7.8
2026-05-05T00:00,24.0,79,0.00,3,147,6.6
2026-05-05T01:00,23.6,81,0.00,3,147,6.0
2026-05-05T02:00,23.4,84,0.00,3,27,2.4
2026-05-05T03:00,23.0,85,0.00,3,63,5.5
2026-05-05T04:00,22.6,84,0.00,2,79,8.4
2026-05-05T05:00,22.5,83,0.00,0,65,11.1
2026-05-05T06:00,23.0,83,0.00,0,73,9.2
2026-05-05T07:00,24.3,78,0.00,0,84,6.9
2026-05-05T08:00,26.0,71,0.00,0,59,8.6
2026-05-05T09:00,27.6,62,0.00,3,90,5.6
2026-05-05T10:00,27.6,62,0.00,2,141,3.7
2026-05-05T11:00,29.5,50,0.00,1,209,2.3
2026-05-05T12:00,26.5,61,2.20,61,141,16.5
2026-05-05T13:00,28.0,54,1.40,61,42,2.7
2026-05-05T14:00,29.1,51,0.00,2,61,4.5
2026-05-05T15:00,27.8,55,0.30,51,139,5.0
2026-05-05T16:00,27.9,57,0.00,1,150,4.4
2026-05-05T17:00,31.0,32,0.00,1,263,5.8
2026-05-05T18:00,28.6,45,0.00,1,4,8.8
2026-05-05T19:00,26.9,53,0.00,0,24,6.3
2026-05-05T20:00,26.0,59,0.00,0,58,7.0
2026-05-05T21:00,25.1,64,0.00,0,67,5.1
2026-05-05T22:00,24.2,72,0.00,0,47,3.2
2026-05-05T23:00,23.9,79,0.00,0,283,1.7
2026-05-06T00:00,23.4,81,0.00,0,274,2.3
2026-05-06T01:00,23.1,81,0.00,0,290,2.1
2026-05-06T02:00,22.6,82,0.00,0,336,3.1
2026-05-06T03:00,22.1,82,0.00,0,353,4.2
2026-05-06T04:00,21.4,87,0.00,0,354,3.4
2026-05-06T05:00,22.0,90,0.00,0,202,1.0
2026-05-06T06:00,22.9,85,0.00,0,253,1.9
2026-05-06T07:00,24.4,77,0.00,0,270,1.1
2026-05-06T08:00,26.3,67,0.00,0,259,0.9
2026-05-06T09:00,28.3,54,0.00,0,292,1.9
2026-05-06T10:00,30.0,43,0.00,0,322,3.0
2026-05-06T11:00,31.1,37,0.00,1,6,3.6
2026-05-06T12:00,32.0,33,0.00,1,5,4.0
2026-05-06T13:00,32.8,31,0.00,0,357,3.1
2026-05-06T14:00,33.3,28,0.00,0,331,3.3
2026-05-06T15:00,33.7,26,0.00,0,348,4.2
2026-05-06T16:00,33.8,26,0.00,1,343,5.1
2026-05-06T17:00,33.7,24,0.00,1,335,2.6
2026-05-06T18:00,32.0,45,0.00,0,90,0.7
2026-05-06T19:00,29.9,37,0.00,0,95,6.5
2026-05-06T20:00,28.5,41,0.00,0,104,7.6
2026-05-06T21:00,26.8,50,0.00,1,118,4.7
2026-05-06T22:00,26.2,50,0.00,0,121,5.9
2026-05-06T23:00,26.8,50,0.00,0,58,9.1
2026-05-07T00:00,25.9,52,0.00,0,66,8.3
2026-05-07T01:00,24.6,57,0.00,1,81,5.7
2026-05-07T02:00,23.9,62,0.00,2,96,4.9
2026-05-07T03:00,23.6,59,0.00,1,130,8.2
2026-05-07T04:00,22.8,62,0.00,1,138,12.1
2026-05-07T05:00,22.7,73,0.00,0,132,4.6
2026-05-07T06:00,23.9,62,0.00,2,149,9.0
2026-05-07T07:00,24.5,62,0.00,1,128,9.9
2026-05-07T08:00,26.2,57,0.00,1,105,12.1
2026-05-07T09:00,27.0,51,0.00,0,116,15.4
2026-05-07T10:00,29.0,46,0.00,0,131,17.4
2026-05-07T11:00,28.6,50,0.00,0,112,16.6
2026-05-07T12:00,28.8,50,0.00,2,120,15.4
2026-05-07T13:00,29.0,47,0.00,3,105,15.5
2026-05-07T14:00,29.0,46,0.00,3,107,12.4
2026-05-07T15:00,29.6,44,0.00,0,105,12.8
2026-05-07T16:00,29.6,45,0.00,0,124,13.1
2026-05-07T17:00,29.7,39,0.00,0,121,13.8
2026-05-07T18:00,28.2,46,0.00,1,97,10.3
2026-05-07T19:00,26.5,55,0.00,0,90,9.7
2026-05-07T20:00,25.5,61,0.00,0,88,9.0
2026-05-07T21:00,24.9,67,0.00,0,95,10.1
2026-05-07T22:00,24.2,71,0.00,0,106,9.0
2026-05-07T23:00,24.0,76,0.00,0,105,10.0
2026-05-08T00:00,23.3,81,0.00,0,120,7.5
2026-05-08T01:00,22.9,84,0.00,0,117,6.8
2026-05-08T02:00,22.4,87,0.00,0,102,7.7
2026-05-08T03:00,22.0,90,0.00,0,105,7.8
2026-05-08T04:00,21.6,91,0.00,0,102,7.2
2026-05-08T05:00,22.0,89,0.00,0,121,8.8
2026-05-08T06:00,22.4,87,0.00,0,107,7.9
2026-05-08T07:00,23.7,81,0.00,0,116,8.8
2026-05-08T08:00,25.8,71,0.00,0,123,9.2
2026-05-08T09:00,28.0,61,0.00,0,117,11.4
2026-05-08T10:00,30.0,50,0.00,0,118,12.9
2026-05-08T11:00,31.4,43,0.00,0,123,14.2
2026-05-08T12:00,32.2,39,0.00,0,123,13.1
2026-05-08T13:00,33.1,36,0.00,0,118,12.2
2026-05-08T14:00,33.5,34,0.00,1,112,10.1
2026-05-08T15:00,33.4,34,0.00,1,103,8.5
2026-05-08T16:00,30.1,43,0.10,51,94,5.4
2026-05-08T17:00,32.0,35,0.00,1,105,9.1
2026-05-08T18:00,30.9,39,0.00,0,83,8.4
2026-05-08T19:00,29.3,45,0.00,0,78,6.8
2026-05-08T20:00,28.2,51,0.00,0,72,6.4
2026-05-08T21:00,27.2,55,0.00,0,82,6.4
2026-05-08T22:00,26.5,58,0.00,0,73,5.5
2026-05-08T23:00,26.5,60,0.00,0,90,6.1
2026-05-09T00:00,26.0,63,0.00,0,94,5.1
2026-05-09T01:00,25.5,64,0.00,0,98,5.4
2026-05-09T02:00,24.9,66,0.00,0,105,5.4
2026-05-09T03:00,24.3,67,0.00,0,98,5.3
2026-05-09T04:00,23.8,69,0.00,0,100,5.3
2026-05-09T05:00,24.0,73,0.00,0,93,6.1
2026-05-09T06:00,24.6,71,0.00,0,90,5.9
2026-05-09T07:00,25.9,65,0.00,0,94,5.4
2026-05-09T08:00,28.0,57,0.00,0,99,6.0
2026-05-09T09:00,30.2,49,0.00,0,109,7.2
2026-05-09T10:00,32.0,41,0.00,0,119,8.6
2026-05-09T11:00,32.9,38,0.00,0,112,9.0
2026-05-09T12:00,33.8,35,0.00,0,108,8.0
2026-05-09T13:00,34.6,33,0.00,0,98,6.5
2026-05-09T14:00,34.7,32,0.00,0,99,7.3
2026-05-09T15:00,34.5,32,0.00,1,87,6.1
2026-05-09T16:00,34.3,32,0.00,1,83,6.9
2026-05-09T17:00,33.5,33,0.00,0,76,8.9
2026-05-09T18:00,32.8,35,0.00,0,60,9.8
2026-05-09T19:00,31.1,43,0.00,0,44,10.1
2026-05-09T20:00,30.0,49,0.00,0,74,8.6
2026-05-09T21:00,29.2,52,0.00,0,87,7.7
2026-05-09T22:00,28.4,55,0.00,0,100,4.9
2026-05-09T23:00,28.1,58,0.00,0,112,5.6
2026-05-10T00:00,27.4,62,0.00,0,115,3.8
2026-05-10T01:00,27.0,63,0.00,0,125,4.4
2026-05-10T02:00,26.5,65,0.00,0,131,4.1
2026-05-10T03:00,25.9,67,0.00,0,137,4.7
2026-05-10T04:00,25.4,67,0.00,0,128,5.5
2026-05-10T05:00,25.6,67,0.00,0,133,6.9
2026-05-10T06:00,26.1,66,0.00,0,121,6.9
2026-05-10T07:00,27.4,61,0.00,0,129,6.0
2026-05-10T08:00,29.5,53,0.00,0,132,5.4
2026-05-10T09:00,32.0,43,0.00,0,135,7.4
2026-05-10T10:00,33.5,37,0.00,0,128,9.9
2026-05-10T11:00,34.3,35,0.00,2,115,11.5
2026-05-10T12:00,35.5,31,0.00,1,100,8.4
2026-05-10T13:00,36.5,28,0.00,1,62,6.1
2026-05-10T14:00,37.1,26,0.00,1,54,6.4
2026-05-10T15:00,37.0,26,0.00,2,60,7.9
2026-05-10T16:00,36.7,27,0.00,1,62,7.3
2026-05-10T17:00,34.7,31,0.00,0,68,10.7
2026-05-10T18:00,33.0,36,0.00,1,62,12.1
2026-05-10T19:00,31.8,40,0.00,1,60,10.4
2026-05-10T20:00,31.0,42,0.00,0,72,8.9
2026-05-10T21:00,30.0,44,0.00,0,99,6.6
2026-05-10T22:00,29.2,47,0.00,0,107,6.9
2026-05-10T23:00,29.4,49,0.00,0,105,7.5
2026-05-11T00:00,29.1,50,0.00,1,104,7.6
2026-05-11T01:00,28.5,52,0.00,3,93,7.0
2026-05-11T02:00,28.1,53,0.00,3,114,7.5
2026-05-11T03:00,27.6,55,0.00,3,108,7.2
2026-05-11T04:00,27.1,57,0.00,3,108,5.3
2026-05-11T05:00,26.8,60,0.00,0,125,7.9
2026-05-11T06:00,27.2,60,0.00,0,112,7.4
2026-05-11T07:00,28.5,55,0.00,0,115,8.1
2026-05-11T08:00,30.5,49,0.00,1,126,9.5
2026-05-11T09:00,32.7,43,0.00,3,130,6.8
2026-05-11T10:00,34.3,36,0.00,3,141,7.4
2026-05-11T11:00,34.2,36,0.00,3,158,3.9
2026-05-11T12:00,35.0,34,0.00,3,116,7.0
2026-05-11T13:00,35.5,33,0.00,2,120,7.3
2026-05-11T14:00,36.6,31,0.00,0,135,7.1
2026-05-11T15:00,36.9,30,0.00,0,120,5.4
2026-05-11T16:00,36.9,29,0.00,2,77,5.0
2026-05-11T17:00,36.5,28,0.00,2,44,5.5
2026-05-11T18:00,35.5,31,0.00,1,51,6.9
2026-05-11T19:00,34.0,37,0.00,0,53,7.8
2026-05-11T20:00,32.7,44,0.00,0,75,6.3
2026-05-11T21:00,31.7,47,0.00,0,100,5.3
2026-05-11T22:00,31.0,49,0.00,0,115,5.6
2026-05-11T23:00,30.5,51,0.00,0,123,8.6
2026-05-12T00:00,29.8,53,0.00,0,116,7.4
2026-05-12T01:00,29.3,54,0.00,3,127,6.9
2026-05-12T02:00,29.0,54,0.00,3,128,6.7
2026-05-12T03:00,28.5,56,0.00,3,136,6.2
2026-05-12T04:00,28.1,57,0.00,3,139,6.6
2026-05-12T05:00,27.7,65,0.00,3,114,8.5
2026-05-12T06:00,28.0,63,0.00,1,130,8.4
2026-05-12T07:00,29.3,57,0.00,3,135,10.2
2026-05-12T08:00,31.1,50,0.00,1,135,9.7
2026-05-12T09:00,27.8,67,5.30,63,18,21.3
2026-05-12T10:00,27.1,75,4.10,63,161,14.6
2026-05-12T11:00,36.9,31,0.00,0,132,15.2
2026-05-12T12:00,37.8,28,0.00,0,138,14.4
2026-05-12T13:00,38.4,26,0.00,0,139,12.2
2026-05-12T14:00,37.7,26,0.00,1,119,9.4
2026-05-12T15:00,38.2,26,0.10,51,125,10.7
2026-05-12T16:00,33.7,41,0.30,51,60,15.4
2026-05-12T17:00,35.2,35,0.20,51,119,14.6
2026-05-12T18:00,33.8,40,0.00,2,109,11.2
2026-05-12T19:00,32.5,47,0.00,1,80,9.5
2026-05-12T20:00,31.4,52,0.00,2,80,7.0
2026-05-12T21:00,30.4,57,0.00,3,58,8.1
2026-05-12T22:00,30.0,57,0.00,0,79,6.4
2026-05-12T23:00,30.0,59,0.00,0,112,7.4
2026-05-13T00:00,28.7,61,0.00,0,80,9.1
2026-05-13T01:00,27.9,64,0.00,0,112,8.6
2026-05-13T02:00,27.5,64,0.00,0,128,8.0
2026-05-13T03:00,27.0,65,0.00,0,123,6.6
2026-05-13T04:00,26.5,68,0.00,0,74,6.6
2026-05-13T05:00,26.7,71,0.00,0,117,9.9
2026-05-13T06:00,26.8,71,0.00,0,127,7.2
2026-05-13T07:00,28.2,66,0.00,0,111,7.1
2026-05-13T08:00,30.4,57,0.00,0,83,7.8
2026-05-13T09:00,32.8,48,0.00,0,92,8.6
2026-05-13T10:00,35.2,40,0.00,0,112,8.3
2026-05-13T11:00,36.0,32,0.00,1,137,10.1
2026-05-13T12:00,36.5,32,0.00,0,121,7.3
2026-05-13T13:00,37.3,30,0.00,0,125,5.9
2026-05-13T14:00,38.0,28,0.00,0,121,4.6
2026-05-13T15:00,38.3,26,0.00,1,126,2.4
2026-05-13T16:00,39.0,23,0.00,3,336,4.3
2026-05-13T17:00,37.3,33,0.10,51,117,6.7
2026-05-13T18:00,36.3,35,0.00,0,130,4.2
2026-05-13T19:00,35.3,39,0.00,0,123,4.9
2026-05-13T20:00,33.8,47,0.00,2,59,5.2
2026-05-13T21:00,32.8,53,0.00,2,77,4.1
2026-05-13T22:00,31.8,58,0.00,3,60,5.4
2026-05-13T23:00,28.2,61,0.00,2,35,10.1
2026-05-14T00:00,27.6,60,0.00,1,46,5.5
2026-05-14T01:00,27.5,59,0.00,2,38,4.4
2026-05-14T02:00,27.4,59,0.00,3,225,2.0
2026-05-14T03:00,27.5,58,0.00,3,227,3.7
2026-05-14T04:00,27.8,54,0.00,2,217,4.5
2026-05-14T05:00,26.9,64,0.00,3,193,6.3
2026-05-14T06:00,26.9,63,0.00,1,237,3.0
2026-05-14T07:00,28.3,56,0.00,0,214,4.5
2026-05-14T08:00,30.9,44,0.00,0,212,4.4
2026-05-14T09:00,33.7,35,0.00,0,215,3.7
2026-05-14T10:00,36.0,28,0.00,0,217,1.8
2026-05-14T11:00,37.4,24,0.00,1,112,2.9
2026-05-14T12:00,38.3,23,0.00,2,79,3.8
2026-05-14T13:00,39.1,21,0.00,2,69,3.5
2026-05-14T14:00,39.0,21,0.20,51,126,2.4
2026-05-14T15:00,38.7,21,0.10,51,14,6.5
2026-05-14T16:00,38.0,24,0.00,0,9,7.7
2026-05-14T17:00,37.8,27,0.00,0,78,9.6
2026-05-14T18:00,36.2,33,0.00,0,77,10.2
2026-05-14T19:00,35.1,36,0.00,0,86,8.1
2026-05-14T20:00,34.4,37,0.00,2,92,6.7
2026-05-14T21:00,33.5,41,0.00,3,97,5.6
2026-05-14T22:00,32.6,45,0.00,2,114,4.9
2026-05-14T23:00,33.6,43,0.00,3,255,12.1
2026-05-15T00:00,31.3,46,0.10,51,297,10.9
2026-05-15T01:00,29.4,55,0.00,3,321,11.9
2026-05-15T02:00,28.8,60,0.00,2,338,13.2
2026-05-15T03:00,28.0,56,0.00,2,341,11.4
2026-05-15T04:00,27.5,51,0.00,1,358,10.3
2026-05-15T05:00,28.9,48,0.00,3,43,10.6
2026-05-15T06:00,29.2,48,0.00,0,251,4.4
2026-05-15T07:00,31.0,40,0.00,0,235,5.3
2026-05-15T08:00,33.1,33,0.00,0,220,2.8
2026-05-15T09:00,35.0,27,0.00,0,180,1.3
2026-05-15T10:00,36.6,23,0.00,0,180,2.5
2026-05-15T11:00,38.2,20,0.00,0,198,6.4
2026-05-15T12:00,39.6,16,0.00,1,265,7.6
2026-05-15T13:00,39.8,15,0.00,0,295,13.5
2026-05-15T14:00,40.0,15,0.00,1,305,14.3
2026-05-15T15:00,39.9,15,0.00,0,319,14.3
2026-05-15T16:00,39.2,16,0.00,0,321,15.9
2026-05-15T17:00,38.2,19,0.00,0,346,12.4
2026-05-15T18:00,36.7,23,0.00,0,3,10.8
2026-05-15T19:00,35.0,30,0.00,0,40,7.8
2026-05-15T20:00,33.8,34,0.00,0,43,4.5
2026-05-15T21:00,33.0,36,0.00,0,32,2.7
2026-05-15T22:00,32.2,38,0.00,0,13,5.5
2026-05-15T23:00,32.0,44,0.00,0,16,6.4
2026-05-16T00:00,31.0,47,0.00,0,327,3.0
2026-05-16T01:00,30.8,46,0.00,0,313,4.7
2026-05-16T02:00,30.4,43,0.00,0,315,5.6
2026-05-16T03:00,29.9,41,0.00,0,302,5.1
2026-05-16T04:00,29.5,41,0.00,0,308,6.2
2026-05-16T05:00,28.9,45,0.00,0,344,3.4
2026-05-16T06:00,29.0,46,0.00,0,337,4.1
2026-05-16T07:00,30.3,42,0.00,0,338,3.3
2026-05-16T08:00,32.2,38,0.00,0,328,4.0
2026-05-16T09:00,34.3,32,0.00,0,314,5.2
2026-05-16T10:00,36.3,27,0.00,0,314,6.5
2026-05-16T11:00,39.2,20,0.00,0,317,6.9
2026-05-16T12:00,40.2,16,0.00,0,320,11.0
2026-05-16T13:00,40.2,15,0.00,0,320,13.6
2026-05-16T14:00,40.4,15,0.00,0,326,12.8
2026-05-16T15:00,40.2,15,0.00,0,318,15.4
2026-05-16T16:00,39.5,16,0.00,0,314,16.0
2026-05-16T17:00,39.7,15,0.00,0,322,16.7
2026-05-16T18:00,38.6,17,0.00,0,317,14.7
2026-05-16T19:00,37.2,19,0.00,0,316,14.6
2026-05-16T20:00,36.3,21,0.00,0,324,10.7
2026-05-16T21:00,35.2,23,0.00,0,329,9.0
2026-05-16T22:00,34.5,25,0.00,0,319,8.3
2026-05-16T23:00,34.2,28,0.00,0,319,8.3
2026-05-17T00:00,33.2,30,0.00,0,316,6.2
2026-05-17T01:00,32.4,31,0.00,0,302,5.1
2026-05-17T02:00,31.6,32,0.00,0,312,5.4
2026-05-17T03:00,31.0,34,0.00,0,311,5.2
2026-05-17T04:00,30.4,35,0.00,0,306,5.5
2026-05-17T05:00,30.6,36,0.00,0,305,6.3
2026-05-17T06:00,30.5,37,0.00,0,304,7.6
2026-05-17T07:00,31.6,36,0.00,0,300,6.5
2026-05-17T08:00,33.5,33,0.00,0,300,7.1
2026-05-17T09:00,36.0,27,0.00,0,298,7.3
2026-05-17T10:00,37.8,23,0.00,0,298,9.8
2026-05-17T11:00,40.2,20,0.00,0,290,11.7
2026-05-17T12:00,41.0,20,0.00,1,296,17.1
2026-05-17T13:00,40.8,20,0.00,0,307,18.3
2026-05-17T14:00,41.2,20,0.00,0,301,17.3
2026-05-17T15:00,41.3,19,0.00,0,301,19.4
2026-05-17T16:00,40.8,19,0.00,1,303,19.8
2026-05-17T17:00,41.1,17,0.00,0,301,19.1
2026-05-17T18:00,40.4,17,0.00,0,297,14.8
2026-05-17T19:00,38.9,20,0.00,0,318,10.4
2026-05-17T20:00,37.6,23,0.00,0,323,9.6
2026-05-17T21:00,36.4,24,0.00,0,327,10.5
2026-05-17T22:00,35.6,24,0.00,0,322,9.0
2026-05-17T23:00,35.2,25,0.00,0,332,9.6
2026-05-18T00:00,34.0,26,0.00,0,330,8.3
2026-05-18T01:00,33.3,27,0.00,0,318,6.8
2026-05-18T02:00,32.7,28,0.00,0,288,6.3
2026-05-18T03:00,32.0,29,0.00,0,270,6.8
2026-05-18T04:00,31.2,31,0.00,0,266,7.0
2026-05-18T05:00,30.9,37,0.00,0,278,7.8
2026-05-18T06:00,30.8,39,0.00,0,277,7.8
2026-05-18T07:00,32.0,38,0.00,0,282,6.8
2026-05-18T08:00,34.0,35,0.00,0,287,7.5
2026-05-18T09:00,36.2,30,0.00,0,290,7.3
2026-05-18T10:00,38.3,25,0.00,0,298,8.9
2026-05-18T11:00,40.5,21,0.00,0,292,11.2
2026-05-18T12:00,41.6,19,0.00,0,299,12.8
2026-05-18T13:00,42.0,20,0.00,0,304,14.3
2026-05-18T14:00,42.4,20,0.00,0,305,15.0
2026-05-18T15:00,42.7,19,0.00,1,307,15.3
2026-05-18T16:00,42.8,17,0.00,0,308,16.8
2026-05-18T17:00,43.3,15,0.00,0,316,15.5
2026-05-18T18:00,42.6,15,0.00,0,319,11.2
2026-05-18T19:00,41.3,17,0.00,0,306,7.3
2026-05-18T20:00,40.5,18,0.00,0,300,9.4
2026-05-18T21:00,39.2,18,0.00,0,285,9.1
2026-05-18T22:00,38.0,19,0.00,0,281,9.2
2026-05-18T23:00,37.8,20,0.00,0,319,10.5
2026-05-19T00:00,36.0,22,0.00,0,305,7.0
2026-05-19T01:00,34.8,24,0.00,0,278,6.5
2026-05-19T02:00,34.2,25,0.00,0,284,5.4
2026-05-19T03:00,33.3,27,0.00,0,256,6.7
2026-05-19T04:00,32.5,28,0.00,0,251,8.4
2026-05-19T05:00,33.0,27,0.00,0,264,6.5
2026-05-19T06:00,33.0,27,0.00,0,266,7.8
2026-05-19T07:00,34.3,25,0.00,0,273,6.5
2026-05-19T08:00,36.5,21,0.00,0,285,7.6
2026-05-19T09:00,38.8,19,0.00,0,297,8.0
2026-05-19T10:00,41.2,13,0.00,0,310,12.4
2026-05-19T11:00,43.3,10,0.00,0,309,16.4
2026-05-19T12:00,44.2,10,0.00,0,304,15.0
2026-05-19T13:00,44.7,9,0.00,0,304,14.1
2026-05-19T14:00,44.7,9,0.00,0,299,14.2
2026-05-19T15:00,44.5,9,0.00,0,298,15.1
2026-05-19T16:00,44.0,10,0.00,0,288,14.8
2026-05-19T17:00,43.9,10,0.00,0,274,15.5
2026-05-19T18:00,42.9,11,0.00,0,268,14.1
2026-05-19T19:00,42.0,12,0.00,0,284,9.6
2026-05-19T20:00,41.2,13,0.00,0,304,9.3
2026-05-19T21:00,40.0,14,0.00,0,301,9.7
2026-05-19T22:00,40.0,13,0.00,0,294,11.4
2026-05-19T23:00,38.8,14,0.00,0,243,10.1
2026-05-20T00:00,36.9,18,0.00,0,262,9.8
2026-05-20T01:00,35.7,20,0.00,0,275,8.7
2026-05-20T02:00,34.8,20,0.00,0,277,8.5
2026-05-20T03:00,34.0,21,0.00,0,283,8.9
2026-05-20T04:00,33.3,21,0.00,0,293,9.2
2026-05-20T05:00,33.8,21,0.00,0,280,9.7
2026-05-20T06:00,33.4,23,0.00,0,283,9.4
2026-05-20T07:00,34.4,23,0.00,0,295,9.9
2026-05-20T08:00,36.3,22,0.00,0,295,9.7
2026-05-20T09:00,38.5,22,0.00,0,295,10.1
2026-05-20T10:00,40.6,19,0.00,0,300,11.1
2026-05-20T11:00,42.6,16,0.00,1,302,10.2
2026-05-20T12:00,43.2,14,0.00,1,292,9.1
2026-05-20T13:00,43.8,13,0.00,0,277,8.4
2026-05-20T14:00,44.4,12,0.00,1,268,10.4
2026-05-20T15:00,44.0,12,0.00,0,262,12.7
2026-05-20T16:00,43.5,13,0.00,0,263,12.9
2026-05-20T17:00,43.4,13,0.00,0,278,7.8
2026-05-20T18:00,42.8,13,0.00,0,265,6.7
2026-05-20T19:00,41.2,15,0.00,0,232,5.5
2026-05-20T20:00,39.8,19,0.00,0,243,0.8
2026-05-20T21:00,39.0,19,0.00,0,235,2.8
2026-05-20T22:00,38.0,19,0.00,0,207,7.2
2026-05-20T23:00,37.0,20,0.00,0,232,9.0
2026-05-21T00:00,36.0,21,0.00,0,248,9.3
2026-05-21T01:00,35.2,22,0.00,0,259,9.7
2026-05-21T02:00,34.7,23,0.00,0,268,12.4
2026-05-21T03:00,34.4,25,0.00,0,271,14.0
2026-05-21T04:00,34.0,27,0.00,0,268,13.7
2026-05-21T05:00,34.7,30,0.00,0,268,14.8
2026-05-21T06:00,34.5,31,0.00,0,265,14.6
2026-05-21T07:00,35.3,30,0.00,0,264,14.8
2026-05-21T08:00,36.8,26,0.00,0,274,17.9
2026-05-21T09:00,38.3,23,0.00,0,276,18.1
2026-05-21T10:00,39.8,21,0.00,0,281,17.2
2026-05-21T11:00,41.1,18,0.00,1,284,16.9
2026-05-21T12:00,41.8,17,0.00,1,289,16.4
2026-05-21T13:00,42.6,16,0.00,0,290,14.6
2026-05-21T14:00,43.1,15,0.00,1,286,13.5
2026-05-21T15:00,43.1,15,0.00,0,280,13.3
2026-05-21T16:00,42.7,15,0.00,0,284,13.0
2026-05-21T17:00,43.2,12,0.00,0,268,12.2
2026-05-21T18:00,42.4,13,0.00,0,269,13.7
2026-05-21T19:00,41.1,14,0.00,0,256,13.2
2026-05-21T20:00,40.0,15,0.00,0,241,10.9
2026-05-21T21:00,38.8,16,0.00,0,238,11.0
2026-05-21T22:00,38.0,17,0.00,0,250,10.5
2026-05-21T23:00,37.5,18,0.00,0,253,9.6
2026-05-22T00:00,36.5,17,0.00,0,268,10.6
2026-05-22T01:00,35.7,17,0.00,0,266,10.8
2026-05-22T02:00,34.7,17,0.00,0,265,9.8
2026-05-22T03:00,34.0,18,0.00,0,277,7.3
2026-05-22T04:00,33.1,19,0.00,0,297,6.0
2026-05-22T05:00,33.3,21,0.00,0,267,7.6
2026-05-22T06:00,33.0,22,0.00,0,264,8.0
2026-05-22T07:00,34.2,22,0.00,0,258,8.1
2026-05-22T08:00,35.8,21,0.00,0,268,9.9
2026-05-22T09:00,37.5,20,0.00,0,273,9.4
2026-05-22T10:00,39.3,19,0.00,0,279,8.9
2026-05-22T11:00,41.5,15,0.00,0,280,10.6
2026-05-22T12:00,42.2,14,0.00,0,282,10.5
2026-05-22T13:00,42.5,14,0.00,0,288,11.2
2026-05-22T14:00,42.7,13,0.00,0,296,11.8
2026-05-22T15:00,42.6,13,0.00,1,311,12.2
2026-05-22T16:00,42.0,14,0.00,0,323,12.1
2026-05-22T17:00,42.0,12,0.00,1,5,12.5
2026-05-22T18:00,40.2,17,0.00,0,22,15.3
2026-05-22T19:00,38.2,22,0.00,0,28,10.6
2026-05-22T20:00,37.0,24,0.00,0,12,8.1
2026-05-22T21:00,36.4,25,0.00,0,354,8.0
2026-05-22T22:00,36.0,24,0.00,0,342,8.1
2026-05-22T23:00,35.3,25,0.00,0,336,6.5
2026-05-23T00:00,34.3,26,0.00,0,326,5.4
2026-05-23T01:00,33.7,27,0.00,0,330,4.4
2026-05-23T02:00,33.2,28,0.00,0,323,5.4
2026-05-23T03:00,32.7,29,0.00,0,304,4.1
2026-05-23T04:00,32.3,30,0.00,0,281,3.8
2026-05-23T05:00,32.6,33,0.00,0,266,5.1
2026-05-23T06:00,32.7,33,0.00,0,277,6.9
2026-05-23T07:00,34.0,31,0.00,0,280,7.5
2026-05-23T08:00,36.2,27,0.00,0,290,8.3
2026-05-23T09:00,38.5,22,0.00,0,286,9.0
2026-05-23T10:00,40.1,19,0.00,1,292,12.4
2026-05-23T11:00,41.2,15,0.00,1,310,16.4
2026-05-23T12:00,39.3,19,0.00,1,348,18.4
2026-05-23T13:00,39.7,18,0.00,1,332,14.3
2026-05-23T14:00,40.4,16,0.00,0,307,14.9
2026-05-23T15:00,41.0,14,0.00,0,308,13.0
2026-05-23T16:00,41.2,12,0.00,0,317,18.3
2026-05-23T17:00,41.1,15,0.00,0,317,13.6
2026-05-23T18:00,40.6,13,0.00,0,296,13.8
2026-05-23T19:00,39.5,15,0.00,0,259,10.1
2026-05-23T20:00,38.3,17,0.00,0,270,9.7
2026-05-23T21:00,37.5,18,0.00,0,284,9.8
2026-05-23T22:00,36.5,17,0.00,0,289,9.5
2026-05-23T23:00,36.0,21,0.00,0,302,9.1
2026-05-24T00:00,34.3,21,0.00,0,333,7.6
2026-05-24T01:00,33.3,22,0.00,0,333,5.5
2026-05-24T02:00,32.8,22,0.00,0,267,3.8
2026-05-24T03:00,32.3,23,0.00,0,268,6.5
2026-05-24T04:00,31.8,24,0.00,0,267,7.9
2026-05-24T05:00,31.5,29,0.00,0,262,8.9
2026-05-24T06:00,31.4,30,0.00,0,272,8.6
2026-05-24T07:00,32.5,29,0.00,0,261,7.3
2026-05-24T08:00,34.7,26,0.00,0,266,10.8
2026-05-24T09:00,37.2,23,0.00,0,281,10.8
2026-05-24T10:00,39.5,17,0.00,0,291,14.3
2026-05-24T11:00,41.8,15,0.00,0,301,14.0
2026-05-24T12:00,42.4,13,0.00,1,306,16.7
2026-05-24T13:00,42.2,14,0.00,1,299,16.2
2026-05-24T14:00,42.4,14,0.00,0,286,16.5
2026-05-24T15:00,42.4,14,0.00,0,286,18.0
2026-05-24T16:00,41.8,14,0.00,0,302,15.7
2026-05-24T17:00,42.5,12,0.00,1,306,9.4
2026-05-24T18:00,41.6,12,0.00,0,2,4.9
2026-05-24T19:00,39.8,14,0.00,0,357,4.0
2026-05-24T20:00,38.8,16,0.00,0,124,2.6
2026-05-24T21:00,37.6,17,0.00,1,108,4.2
2026-05-24T22:00,36.8,20,0.00,0,123,5.6
2026-05-24T23:00,36.5,22,0.00,0,174,8.0
2026-05-25T00:00,35.2,24,0.00,0,178,8.5
2026-05-25T01:00,35.2,19,0.00,0,249,10.8
2026-05-25T02:00,35.1,18,0.00,0,273,14.1
2026-05-25T03:00,34.2,19,0.00,0,274,14.1
2026-05-25T04:00,33.7,20,0.00,0,273,15.3
2026-05-25T05:00,34.0,22,0.00,0,268,13.5
2026-05-25T06:00,34.0,22,0.00,0,273,13.0
2026-05-25T07:00,35.0,22,0.00,1,260,10.4
2026-05-25T08:00,36.8,21,0.00,0,268,13.2
2026-05-25T09:00,38.3,20,0.00,0,272,14.8
2026-05-25T10:00,39.8,19,0.00,0,280,15.4
2026-05-25T11:00,42.2,15,0.00,0,287,11.1
2026-05-25T12:00,42.9,15,0.00,1,289,8.2
2026-05-25T13:00,43.4,14,0.00,1,270,8.8
2026-05-25T14:00,43.4,12,0.00,1,280,15.7
2026-05-25T15:00,42.9,12,0.10,51,282,14.5
2026-05-25T16:00,42.2,14,0.00,1,301,13.8
2026-05-25T17:00,41.9,13,0.40,51,291,12.7
2026-05-25T18:00,41.2,14,0.00,0,331,9.7
2026-05-25T19:00,40.4,15,0.00,0,333,3.6
2026-05-25T20:00,40.3,13,0.00,0,282,9.6
2026-05-25T21:00,39.1,15,0.00,0,297,7.9
2026-05-25T22:00,37.8,17,0.00,0,311,7.1
2026-05-25T23:00,37.0,19,0.00,1,351,8.0
2026-05-26T00:00,35.4,20,0.00,0,339,5.6
2026-05-26T01:00,34.7,21,0.00,0,315,5.3
2026-05-26T02:00,34.2,22,0.00,0,315,5.9
2026-05-26T03:00,33.4,22,0.00,0,315,4.8
2026-05-26T04:00,32.8,23,0.00,0,312,5.6
2026-05-26T05:00,32.7,23,0.00,0,307,8.4
2026-05-26T06:00,32.7,23,0.00,0,289,8.9
2026-05-26T07:00,33.8,22,0.00,0,282,7.0
2026-05-26T08:00,35.9,19,0.00,0,293,5.9
2026-05-26T09:00,38.2,17,0.00,0,288,8.5
2026-05-26T10:00,39.8,16,0.00,0,301,10.2
2026-05-26T11:00,42.0,10,0.00,0,306,13.9
2026-05-26T12:00,42.2,10,0.00,1,315,16.2
2026-05-26T13:00,42.8,10,0.00,0,299,16.7
2026-05-26T14:00,43.2,9,0.00,0,293,16.5
2026-05-26T15:00,43.0,9,0.00,0,285,18.8
2026-05-26T16:00,42.2,10,0.00,0,280,19.6
2026-05-26T17:00,42.5,9,0.00,0,290,16.5
2026-05-26T18:00,41.7,10,0.00,0,308,13.1
2026-05-26T19:00,40.3,11,0.00,0,314,8.8
2026-05-26T20:00,38.8,13,0.00,0,318,6.5
2026-05-26T21:00,37.8,15,0.00,0,333,8.3
2026-05-26T22:00,36.8,16,0.00,0,330,6.2
2026-05-26T23:00,36.5,17,0.00,0,320,4.2
2026-05-27T00:00,35.0,19,0.00,0,336,3.9
2026-05-27T01:00,34.3,20,0.00,0,292,1.9
2026-05-27T02:00,33.5,20,0.00,0,294,3.5
2026-05-27T03:00,33.1,20,0.00,0,283,5.5
2026-05-27T04:00,32.5,20,0.00,0,288,6.4
2026-05-27T05:00,32.8,21,0.00,0,286,4.7
2026-05-27T06:00,32.5,21,0.00,0,286,6.7
2026-05-27T07:00,34.0,20,0.00,0,279,5.5
2026-05-27T08:00,36.2,17,0.00,0,286,6.7
2026-05-27T09:00,38.5,14,0.00,0,301,8.1
2026-05-27T10:00,40.0,13,0.00,0,308,10.0
2026-05-27T11:00,41.8,11,0.00,0,303,10.3
2026-05-27T12:00,42.7,10,0.00,0,306,11.7
2026-05-27T13:00,43.1,11,0.00,0,304,13.9
2026-05-27T14:00,43.2,11,0.00,0,300,14.8
2026-05-27T15:00,43.1,12,0.00,0,298,15.3
2026-05-27T16:00,42.9,12,0.00,0,299,15.6
2026-05-27T17:00,43.8,9,0.00,0,307,18.3
2026-05-27T18:00,42.8,10,0.00,0,305,14.7
2026-05-27T19:00,41.5,12,0.00,0,299,10.1
2026-05-27T20:00,40.0,15,0.00,0,315,6.1
2026-05-27T21:00,38.8,17,0.00,0,328,5.5
2026-05-27T22:00,37.9,18,0.00,0,344,3.9
2026-05-27T23:00,36.2,20,0.00,0,67,7.3
2026-05-28T00:00,34.3,26,0.00,0,113,4.7
2026-05-28T01:00,33.7,31,0.00,0,128,4.1
2026-05-28T02:00,32.9,34,0.00,0,144,4.6
2026-05-28T03:00,31.8,38,0.00,0,134,5.7
2026-05-28T04:00,30.5,43,0.00,0,92,6.8
2026-05-28T05:00,29.5,46,0.00,0,102,7.9
2026-05-28T06:00,29.5,44,0.00,0,113,9.4
2026-05-28T07:00,30.6,43,0.00,0,119,9.7
2026-05-28T08:00,32.3,45,0.00,0,116,10.8
2026-05-28T09:00,34.3,43,0.00,0,111,12.3
2026-05-28T10:00,36.3,39,0.00,0,115,11.5
2026-05-28T11:00,38.0,35,0.00,0,113,11.7
2026-05-28T12:00,39.2,33,0.00,0,107,10.1
2026-05-28T13:00,40.0,31,0.00,1,105,10.6
2026-05-28T14:00,39.8,32,0.00,2,97,11.4
2026-05-28T15:00,38.4,32,0.00,2,116,9.0
2026-05-28T16:00,38.3,35,0.00,1,148,9.5
2026-05-28T17:00,38.4,33,0.00,3,126,9.4
2026-05-28T18:00,35.9,37,0.00,3,184,13.4
2026-05-28T19:00,31.2,51,0.50,53,194,10.4
2026-05-28T20:00,32.0,49,0.10,51,297,1.6
2026-05-28T21:00,32.3,49,0.10,51,74,3.4
2026-05-28T22:00,31.9,51,0.10,51,195,4.8
2026-05-28T23:00,30.6,39,0.00,0,192,13.5
2026-05-29T00:00,29.9,42,0.00,2,14,6.9
2026-05-29T01:00,29.5,49,0.00,2,32,7.0
2026-05-29T02:00,27.9,66,0.00,0,60,8.7
2026-05-29T03:00,27.2,71,0.00,0,103,4.8
2026-05-29T04:00,26.9,71,0.00,0,93,10.5
2026-05-29T05:00,26.5,66,0.00,0,95,12.3
2026-05-29T06:00,26.5,68,0.00,0,119,11.4
2026-05-29T07:00,27.2,65,0.00,0,134,15.0
2026-05-29T08:00,28.4,64,0.00,0,126,14.2
2026-05-29T09:00,29.9,61,0.00,0,121,13.8
2026-05-29T10:00,31.5,55,0.00,0,123,12.1
2026-05-29T11:00,31.9,50,0.00,0,125,16.7
2026-05-29T12:00,34.2,45,0.30,51,125,13.4
2026-05-29T13:00,32.3,50,0.10,51,153,10.1
2026-05-29T14:00,33.3,47,0.00,3,150,10.2
2026-05-29T15:00,32.1,50,0.20,51,101,10.4
2026-05-29T16:00,32.8,48,0.10,51,133,7.9
2026-05-29T17:00,35.0,41,0.00,2,172,12.7
2026-05-29T18:00,33.9,43,0.00,1,157,7.4
2026-05-29T19:00,33.4,44,0.00,2,162,9.4
2026-05-29T20:00,33.0,45,0.00,0,125,6.3
2026-05-29T21:00,32.4,46,0.00,1,129,7.2
2026-05-29T22:00,31.8,46,0.00,0,135,9.2
2026-05-29T23:00,29.2,50,0.00,1,131,13.5
2026-05-30T00:00,27.5,58,0.00,1,136,13.1
2026-05-30T01:00,26.8,61,0.00,1,142,11.8
2026-05-30T02:00,26.2,63,0.00,3,143,10.5
2026-05-30T03:00,25.9,66,0.00,2,153,7.2
2026-05-30T04:00,25.5,69,0.00,2,142,6.2
2026-05-30T05:00,25.5,71,0.00,0,144,10.8
2026-05-30T06:00,25.4,73,0.00,2,153,8.5
2026-05-30T07:00,26.3,69,0.00,0,140,8.9
2026-05-30T08:00,28.4,59,0.00,0,131,9.8
2026-05-30T09:00,30.3,50,0.00,0,140,12.5
2026-05-30T10:00,31.9,47,0.00,0,121,5.6
2026-05-30T11:00,33.2,47,0.10,51,130,11.1
2026-05-30T12:00,34.1,43,0.00,0,125,11.0
2026-05-30T13:00,35.3,38,0.00,1,130,9.6
2026-05-30T14:00,34.8,38,0.00,3,177,4.0
2026-05-30T15:00,28.2,66,2.70,63,34,14.5
2026-05-30T16:00,25.0,80,3.80,63,64,9.2
2026-05-30T17:00,24.1,91,1.70,61,77,8.1
2026-05-30T18:00,25.8,81,0.30,51,180,2.0
2026-05-30T19:00,26.1,79,0.00,3,120,1.5
2026-05-30T20:00,26.0,82,0.00,3,108,7.0
2026-05-30T21:00,25.7,85,0.00,1,114,9.3
2026-05-30T22:00,25.4,85,0.00,0,114,9.8
2026-05-30T23:00,24.7,71,0.00,3,117,11.7
2026-05-31T00:00,24.2,69,0.00,2,127,8.1
2026-05-31T01:00,24.0,71,0.00,1,136,5.0
2026-05-31T02:00,23.8,72,0.00,0,122,6.4
2026-05-31T03:00,23.6,73,0.00,0,130,6.1
2026-05-31T04:00,23.5,74,0.00,0,119,6.4
2026-05-31T05:00,24.2,76,0.00,0,142,10.9
2026-05-31T06:00,24.5,76,0.00,0,142,9.6
2026-05-31T07:00,25.6,71,0.00,0,149,9.4
2026-05-31T08:00,27.3,65,0.00,0,156,8.9
2026-05-31T09:00,29.1,58,0.00,0,158,8.3
2026-05-31T10:00,30.8,50,0.00,0,157,8.0
2026-05-31T11:00,32.3,40,0.00,1,152,7.3
2026-05-31T12:00,32.5,41,0.00,2,136,5.2
2026-05-31T13:00,32.7,41,0.00,1,112,3.9
2026-05-31T14:00,33.3,39,0.00,1,108,3.4
2026-05-31T15:00,32.7,40,0.00,1,51,7.9
2026-05-31T16:00,29.8,51,0.20,51,60,15.2
2026-05-31T17:00,25.4,88,0.00,3,105,9.9
2026-05-31T18:00,26.3,74,0.10,51,62,10.6
2026-05-31T19:00,26.1,80,0.10,51,57,7.5
2026-05-31T20:00,26.2,81,0.00,1,103,4.1
2026-05-31T21:00,25.8,82,0.00,2,41,5.7
2026-05-31T22:00,25.6,80,0.00,0,82,2.5
2026-05-31T23:00,26.8,72,0.00,2,75,2.1
2026-06-01T00:00,26.1,78,0.00,2,110,2.1
2026-06-01T01:00,25.6,81,0.00,1,90,2.3
2026-06-01T02:00,25.1,83,0.00,1,82,3.8
2026-06-01T03:00,24.6,86,0.00,0,90,4.0
2026-06-01T04:00,24.5,86,0.00,0,80,5.3
2026-06-01T05:00,25.0,85,0.00,1,123,4.3
2026-06-01T06:00,25.2,84,0.00,3,114,3.1
2026-06-01T07:00,26.3,76,0.20,51,63,8.0
2026-06-01T08:00,24.2,79,0.50,53,121,7.6
2026-06-01T09:00,27.3,68,0.00,1,133,6.1
2026-06-01T10:00,29.2,60,0.00,1,80,7.3
2026-06-01T11:00,29.9,49,0.00,1,118,10.2
2026-06-01T12:00,32.0,42,0.10,51,133,7.6
2026-06-01T13:00,32.4,40,0.00,2,93,6.3
2026-06-01T14:00,32.5,39,0.00,1,87,6.0
2026-06-01T15:00,33.0,37,0.00,1,75,4.8
2026-06-01T16:00,33.1,36,0.00,1,55,6.6
2026-06-01T17:00,32.3,43,0.00,1,84,8.7
2026-06-01T18:00,31.2,48,0.00,1,79,7.7
2026-06-01T19:00,30.0,56,0.00,0,84,6.5
2026-06-01T20:00,29.2,58,0.00,0,101,5.5
2026-06-01T21:00,28.7,60,0.00,0,107,5.1
2026-06-01T22:00,28.3,61,0.00,0,97,4.7
2026-06-01T23:00,28.5,60,0.00,0,104,8.0
2026-06-02T00:00,27.2,65,0.00,0,83,6.9
2026-06-02T01:00,26.5,69,0.00,1,80,6.0
2026-06-02T02:00,25.9,73,0.30,51,179,8.6
2026-06-02T03:00,25.1,75,0.10,51,129,3.5
2026-06-02T04:00,24.7,79,0.00,0,65,3.0
2026-06-02T05:00,26.1,77,0.00,3,152,3.5
2026-06-02T06:00,26.5,72,0.00,3,209,4.5
2026-06-02T07:00,27.5,65,0.00,1,155,3.4
2026-06-02T08:00,29.5,55,0.00,0,98,5.1
2026-06-02T09:00,31.3,48,0.00,0,79,6.6
2026-06-02T10:00,33.0,41,0.00,0,85,8.0
2026-06-02T11:00,34.2,34,0.10,51,96,8.9
2026-06-02T12:00,35.1,30,0.10,51,100,8.2
2026-06-02T13:00,35.6,29,0.10,51,102,7.9
2026-06-02T14:00,35.8,29,0.00,0,108,9.1
2026-06-02T15:00,35.8,29,0.00,0,101,9.2
2026-06-02T16:00,35.3,30,0.00,0,97,8.7
2026-06-02T17:00,32.6,45,0.00,0,164,6.4
2026-06-02T18:00,32.7,45,0.00,0,160,6.9
2026-06-02T19:00,32.1,47,0.00,0,144,5.1
2026-06-02T20:00,31.8,49,0.00,0,140,5.6
2026-06-02T21:00,31.5,50,0.00,0,132,5.1
2026-06-02T22:00,30.9,53,0.00,0,108,4.6
2026-06-02T23:00,31.8,49,0.00,0,156,3.9
2026-06-03T00:00,31.2,55,0.00,0,202,1.9
2026-06-03T01:00,31.0,55,0.00,0,236,1.3
2026-06-03T02:00,30.5,58,0.00,0,72,0.6
2026-06-03T03:00,29.6,64,0.00,0,90,0.9
2026-06-03T04:00,29.0,68,0.00,0,106,1.3
2026-06-03T05:00,28.4,70,0.00,0,96,3.3
2026-06-03T06:00,28.4,69,0.00,0,88,4.1
2026-06-03T07:00,30.0,61,0.00,0,93,3.6
2026-06-03T08:00,32.2,51,0.00,0,100,4.0
2026-06-03T09:00,34.0,41,0.00,0,90,3.4
2026-06-03T10:00,35.2,37,0.00,0,72,4.0
2026-06-03T11:00,35.8,35,0.00,1,74,6.0
2026-06-03T12:00,36.0,35,0.00,0,48,4.3
2026-06-03T13:00,36.8,31,0.00,0,27,4.0
2026-06-03T14:00,37.3,27,0.00,0,15,5.4
2026-06-03T15:00,37.9,25,0.00,1,14,5.9
2026-06-03T16:00,37.8,25,0.00,1,358,5.4
2026-06-03T17:00,37.3,30,0.00,0,57,10.5
2026-06-03T18:00,36.2,33,0.00,0,83,9.2
2026-06-03T19:00,35.0,36,0.00,0,99,7.7
2026-06-03T20:00,34.5,39,0.00,0,88,5.8
2026-06-03T21:00,34.0,42,0.00,0,106,4.7
2026-06-03T22:00,33.5,44,0.00,0,136,5.2
2026-06-03T23:00,33.8,44,0.00,0,157,8.2
2026-06-04T00:00,32.9,46,0.00,0,178,5.6
2026-06-04T01:00,32.2,49,0.00,0,168,5.2
2026-06-04T02:00,31.6,50,0.00,0,178,5.8
2026-06-04T03:00,31.0,52,0.00,0,184,5.4
2026-06-04T04:00,30.4,53,0.00,0,195,5.4
2026-06-04T05:00,31.5,48,0.00,0,198,8.3
2026-06-04T06:00,28.3,60,0.10,51,48,16.7
2026-06-04T07:00,26.2,75,0.80,53,153,5.9
2026-06-04T08:00,29.9,57,0.10,51,133,6.6
2026-06-04T09:00,31.6,54,0.00,1,105,11.6
2026-06-04T10:00,33.2,48,0.00,0,118,8.5
2026-06-04T11:00,37.1,30,0.00,0,107,6.9
2026-06-04T12:00,38.5,24,0.00,1,102,6.1
2026-06-04T13:00,39.3,22,0.00,1,18,0.6
2026-06-04T14:00,39.4,21,0.00,1,321,6.3
2026-06-04T15:00,36.5,33,0.20,51,9,14.4
2026-06-04T16:00,36.1,35,0.10,51,37,11.3
2026-06-04T17:00,33.9,34,0.00,1,93,6.8
2026-06-04T18:00,35.0,32,0.00,1,209,8.1
2026-06-04T19:00,32.2,40,0.00,3,250,21.3
2026-06-04T20:00,31.5,44,0.00,3,298,9.2
2026-06-04T21:00,31.4,45,0.00,3,263,9.1
2026-06-04T22:00,31.1,47,0.00,3,275,4.3
2026-06-04T23:00,29.0,51,0.00,3,312,13.1
2026-06-05T00:00,25.5,78,2.60,63,233,4.5
2026-06-05T01:00,25.2,88,1.50,61,8,3.8
2026-06-05T02:00,25.5,88,0.30,51,121,10.2
2026-06-05T03:00,25.9,83,0.00,3,152,4.7
2026-06-05T04:00,26.0,82,0.00,3,354,3.3
2026-06-05T05:00,26.5,78,0.00,3,294,11.2
2026-06-05T06:00,26.8,69,0.00,3,338,3.3
2026-06-05T07:00,27.2,66,0.00,3,61,2.3
2026-06-05T08:00,28.8,59,0.00,3,108,1.1
2026-06-05T09:00,29.1,57,0.00,3,20,5.8
2026-06-05T10:00,31.1,47,0.00,3,322,6.2
2026-06-05T11:00,32.5,41,0.00,3,348,8.1
2026-06-05T12:00,33.0,41,0.00,3,10,11.7
2026-06-05T13:00,33.2,47,0.00,2,9,9.9
2026-06-05T14:00,33.2,48,0.00,2,17,6.9
2026-06-05T15:00,32.8,49,0.00,1,18,8.1
2026-06-05T16:00,33.1,48,0.00,0,23,6.5
2026-06-05T17:00,33.7,48,0.00,0,23,5.9
2026-06-05T18:00,32.7,52,0.00,0,20,6.9
2026-06-05T19:00,31.8,56,0.00,0,23,6.9
2026-06-05T20:00,31.4,58,0.00,0,23,4.1
2026-06-05T21:00,31.1,60,0.00,0,28,3.1
2026-06-05T22:00,30.8,62,0.00,0,86,2.5
2026-06-05T23:00,31.0,62,0.00,0,125,6.6
2026-06-06T00:00,29.9,68,0.00,0,113,3.7
2026-06-06T01:00,29.3,71,0.00,0,117,3.6
2026-06-06T02:00,28.8,75,0.00,0,139,3.3
2026-06-06T03:00,28.5,77,0.00,0,158,2.9
2026-06-06T04:00,28.0,79,0.00,0,157,4.1
2026-06-06T05:00,28.9,71,0.00,0,193,4.1
2026-06-06T06:00,29.5,65,0.00,0,180,3.1
2026-06-06T07:00,31.2,56,0.00,0,175,2.0
2026-06-06T08:00,33.3,47,0.00,0,166,1.5
2026-06-06T09:00,35.3,41,0.00,0,243,0.8
2026-06-06T10:00,36.9,35,0.00,0,340,2.1
2026-06-06T11:00,38.5,29,0.00,1,332,5.3
2026-06-06T12:00,39.1,26,0.00,1,351,7.7
2026-06-06T13:00,39.6,24,0.00,1,6,9.8
2026-06-06T14:00,39.8,24,0.00,1,354,8.9
2026-06-06T15:00,39.5,24,0.00,0,353,10.3
2026-06-06T16:00,39.2,23,0.00,1,333,10.1
2026-06-06T17:00,35.2,36,0.00,1,149,12.6
2026-06-06T18:00,35.2,36,0.10,51,197,5.6
2026-06-06T19:00,35.5,31,0.00,0,222,10.2
2026-06-06T20:00,35.0,33,0.00,0,225,7.9
2026-06-06T21:00,34.7,34,0.00,0,211,5.9
2026-06-06T22:00,34.4,35,0.00,0,250,5.9
2026-06-06T23:00,33.6,37,0.00,0,257,11.7
2026-06-07T00:00,32.2,41,0.00,0,251,11.6
2026-06-07T01:00,31.2,45,0.00,0,258,10.9
2026-06-07T02:00,30.5,48,0.00,0,263,10.2
2026-06-07T03:00,30.0,48,0.00,0,268,8.6
2026-06-07T04:00,29.7,49,0.00,0,274,7.9
2026-06-07T05:00,29.9,52,0.00,0,290,5.9
2026-06-07T06:00,29.8,54,0.00,0,283,4.1
2026-06-07T07:00,31.0,50,0.00,0,268,4.7
2026-06-07T08:00,32.8,44,0.00,0,292,4.8
2026-06-07T09:00,32.5,42,0.00,3,310,19.4
2026-06-07T10:00,31.9,45,0.10,51,34,4.1
2026-06-07T11:00,37.5,31,0.00,0,340,4.2
2026-06-07T12:00,38.3,29,0.00,0,330,4.4
2026-06-07T13:00,39.5,26,0.00,0,332,4.9
2026-06-07T14:00,40.2,23,0.00,0,304,5.4
2026-06-07T15:00,40.7,21,0.00,1,296,8.8
2026-06-07T16:00,40.0,21,0.00,0,295,12.3
2026-06-07T17:00,39.2,26,0.00,2,274,11.6
2026-06-07T18:00,35.0,41,0.60,53,117,8.9
2026-06-07T19:00,33.0,48,0.10,51,156,10.9
2026-06-07T20:00,33.2,48,0.00,0,182,4.9
2026-06-07T21:00,32.9,51,0.00,0,129,2.3
2026-06-07T22:00,32.5,53,0.00,0,148,3.4
2026-06-07T23:00,33.2,48,0.00,0,237,9.0
2026-06-08T00:00,33.3,42,0.00,0,265,11.0
2026-06-08T01:00,32.7,41,0.00,0,265,10.3
2026-06-08T02:00,31.9,42,0.00,0,263,9.8
2026-06-08T03:00,31.4,43,0.00,0,268,9.2
2026-06-08T04:00,30.9,44,0.00,0,264,9.0
2026-06-08T05:00,31.5,49,0.00,0,270,9.9
2026-06-08T06:00,31.6,50,0.00,0,270,9.5
2026-06-08T07:00,32.8,47,0.00,0,270,10.1
2026-06-08T08:00,34.8,41,0.00,0,276,11.2
2026-06-08T09:00,36.8,36,0.00,0,282,11.8
2026-06-08T10:00,38.5,30,0.00,0,292,11.6
2026-06-08T11:00,40.1,23,0.00,1,288,9.7
2026-06-08T12:00,41.6,17,0.00,1,292,11.3
2026-06-08T13:00,41.8,15,0.00,1,290,13.6
2026-06-08T14:00,42.0,14,0.00,0,289,12.2
2026-06-08T15:00,42.3,13,0.00,0,298,13.8
2026-06-08T16:00,41.8,14,0.00,0,303,15.0
2026-06-08T17:00,41.7,17,0.00,1,307,11.4
2026-06-08T18:00,41.7,14,0.00,0,287,8.8
2026-06-08T19:00,40.0,16,0.00,0,314,5.5
2026-06-08T20:00,38.5,25,0.00,0,8,2.5
2026-06-08T21:00,37.9,28,0.00,0,297,0.4
2026-06-08T22:00,37.0,29,0.00,0,14,0.7
2026-06-08T23:00,36.9,30,0.00,0,243,2.0
2026-06-09T00:00,35.7,30,0.00,0,251,5.5
2026-06-09T01:00,34.8,31,0.00,0,249,5.0
2026-06-09T02:00,33.8,32,0.00,0,249,5.0
2026-06-09T03:00,33.5,32,0.00,1,265,3.8
2026-06-09T04:00,33.2,32,0.00,0,249,5.0
2026-06-09T05:00,33.3,37,0.00,0,234,8.6
2026-06-09T06:00,33.0,40,0.00,0,254,8.3
2026-06-09T07:00,34.1,43,0.00,0,268,10.3
2026-06-09T08:00,35.8,40,0.00,0,273,9.0
2026-06-09T09:00,38.0,34,0.00,0,280,8.6
2026-06-09T10:00,39.9,27,0.00,0,300,8.3
2026-06-09T11:00,42.0,18,0.00,0,319,8.3
2026-06-09T12:00,42.6,16,0.00,1,322,12.6
2026-06-09T13:00,42.7,15,0.00,0,318,13.4
2026-06-09T14:00,43.2,13,0.00,0,308,13.1
2026-06-09T15:00,43.2,13,0.00,0,300,15.3
2026-06-09T16:00,42.8,13,0.00,0,294,15.3
2026-06-09T17:00,42.7,15,0.00,0,278,16.9
2026-06-09T18:00,41.5,15,0.00,0,276,18.3
2026-06-09T19:00,39.8,20,0.00,0,271,16.6
2026-06-09T20:00,39.5,21,0.00,0,262,12.4
2026-06-09T21:00,39.2,21,0.00,0,236,7.6
2026-06-09T22:00,38.0,23,0.00,0,223,6.4
2026-06-09T23:00,37.8,23,0.00,0,266,8.5
2026-06-10T00:00,36.6,25,0.00,1,251,9.3
2026-06-10T01:00,35.9,25,0.00,1,250,9.8
2026-06-10T02:00,35.0,27,0.00,1,247,6.9
2026-06-10T03:00,34.5,27,0.00,0,228,4.6
2026-06-10T04:00,34.1,28,0.00,0,249,7.0
2026-06-10T05:00,33.8,31,0.00,2,243,7.6
2026-06-10T06:00,32.9,34,0.00,0,185,6.0
2026-06-10T07:00,33.8,37,0.00,0,151,4.1
2026-06-10T08:00,35.4,40,0.00,0,244,4.6
2026-06-10T09:00,37.5,39,0.00,0,268,11.5
2026-06-10T10:00,39.2,34,0.00,0,280,12.6
2026-06-10T11:00,41.2,22,0.00,0,284,14.7
2026-06-10T12:00,42.1,20,0.00,0,287,12.0
2026-06-10T13:00,42.7,19,0.00,1,285,11.0
2026-06-10T14:00,43.0,18,0.00,1,287,11.3
2026-06-10T15:00,43.2,16,0.00,1,282,12.9
2026-06-10T16:00,42.6,16,0.00,1,266,13.9
2026-06-10T17:00,43.6,16,0.30,51,324,8.6
2026-06-10T18:00,42.0,20,0.00,1,5,4.5
2026-06-10T19:00,40.0,27,0.50,53,99,6.0
2026-06-10T20:00,39.7,25,0.00,0,160,9.4
2026-06-10T21:00,39.2,26,0.00,0,166,8.0
2026-06-10T22:00,37.5,34,0.00,0,49,1.9
2026-06-10T23:00,35.8,40,0.00,0,53,6.8
2026-06-11T00:00,35.2,43,0.00,1,155,5.6
2026-06-11T01:00,34.8,44,0.00,0,164,2.6
2026-06-11T02:00,34.5,46,0.00,0,153,0.8
2026-06-11T03:00,34.1,46,0.00,0,198,0.6
2026-06-11T04:00,33.0,48,0.00,0,52,2.1
2026-06-11T05:00,31.1,51,0.00,1,141,10.0
2026-06-11T06:00,29.9,55,0.00,1,117,11.9
2026-06-11T07:00,29.2,59,0.10,51,160,12.6
2026-06-11T08:00,30.4,58,0.00,0,125,12.8
2026-06-11T09:00,31.7,58,0.00,0,133,13.1
2026-06-11T10:00,33.8,52,0.00,0,137,13.2
2026-06-11T11:00,33.2,52,0.00,0,113,16.5
2026-06-11T12:00,34.0,51,0.00,0,132,15.7
2026-06-11T13:00,35.2,48,0.00,0,139,14.7
2026-06-11T14:00,36.2,46,0.00,0,145,13.6
2026-06-11T15:00,36.7,45,0.00,0,144,12.5
2026-06-11T16:00,36.8,45,0.00,0,141,10.2
2026-06-11T17:00,36.0,43,0.00,0,119,16.4
2026-06-11T18:00,34.7,47,0.00,0,116,15.0
2026-06-11T19:00,33.2,53,0.00,0,100,15.7
2026-06-11T20:00,32.3,55,0.00,0,96,14.5
2026-06-11T21:00,31.5,57,0.00,2,84,15.4
2026-06-11T22:00,30.2,62,0.00,0,91,18.4
2026-06-11T23:00,26.9,78,0.00,3,45,12.0
2026-06-12T00:00,26.4,82,0.00,2,44,15.8
2026-06-12T01:00,25.6,85,0.00,3,49,15.4
2026-06-12T02:00,25.5,84,0.00,3,60,12.4
2026-06-12T03:00,24.7,88,1.30,61,97,13.4
2026-06-12T04:00,24.4,91,1.00,55,100,18.1
2026-06-12T05:00,23.9,90,0.10,51,18,6.4
2026-06-12T06:00,23.3,93,3.30,63,98,17.6
2026-06-12T07:00,24.0,89,0.60,53,102,13.5
2026-06-12T08:00,25.6,80,0.00,0,113,14.7
2026-06-12T09:00,27.4,73,0.00,0,115,15.5
2026-06-12T10:00,29.0,66,0.00,0,117,15.3
2026-06-12T11:00,30.4,61,0.00,0,122,14.1
2026-06-12T12:00,30.8,59,0.00,0,117,15.4
2026-06-12T13:00,31.4,56,0.00,0,115,13.3
2026-06-12T14:00,31.9,55,0.00,0,120,11.6
2026-06-12T15:00,32.2,54,0.00,0,124,9.7
2026-06-12T16:00,32.5,52,0.00,2,114,6.5
2026-06-12T17:00,31.2,63,0.00,0,265,2.2
2026-06-12T18:00,25.9,86,2.80,63,133,3.2
2026-06-12T19:00,26.8,81,0.10,51,353,3.1
2026-06-12T20:00,26.9,80,0.00,0,66,7.7
2026-06-12T21:00,27.1,77,0.00,0,103,7.4
2026-06-12T22:00,27.0,78,0.00,0,118,7.2
2026-06-12T23:00,26.4,78,0.00,3,171,8.8
2026-06-13T00:00,26.1,79,0.00,3,201,5.0
2026-06-13T01:00,26.0,81,0.00,3,130,4.7
2026-06-13T02:00,25.9,81,0.00,3,141,6.0
2026-06-13T03:00,25.8,81,0.10,51,82,4.9
2026-06-13T04:00,25.4,84,0.00,3,303,4.9
2026-06-13T05:00,25.5,81,0.00,3,281,7.5
2026-06-13T06:00,25.3,82,0.00,2,255,6.9
2026-06-13T07:00,25.8,81,0.00,2,236,5.2
2026-06-13T08:00,26.9,76,0.00,2,315,0.5
2026-06-13T09:00,27.8,69,0.00,2,60,2.9
2026-06-13T10:00,29.0,64,0.00,3,72,6.3
2026-06-13T11:00,30.4,58,0.00,3,66,2.2
2026-06-13T12:00,30.9,57,0.00,0,360,3.1
2026-06-13T13:00,32.3,53,0.00,0,329,2.1
2026-06-13T14:00,32.8,48,0.00,0,342,0.6
2026-06-13T15:00,33.1,47,0.00,0,253,1.9
2026-06-13T16:00,33.2,47,0.00,0,261,1.1
2026-06-13T17:00,34.2,42,0.00,0,40,2.8
2026-06-13T18:00,31.8,58,0.00,0,72,4.0
2026-06-13T19:00,29.9,70,0.00,0,106,3.9
2026-06-13T20:00,29.0,77,0.00,0,135,2.0
2026-06-13T21:00,28.5,81,0.00,0,22,1.0
2026-06-13T22:00,28.0,84,0.00,0,79,2.9
2026-06-13T23:00,28.6,79,0.00,0,242,3.5
2026-06-14T00:00,28.4,76,0.00,0,231,3.7
2026-06-14T01:00,27.8,74,0.00,0,216,4.2
2026-06-14T02:00,27.2,72,0.00,1,227,4.5
2026-06-14T03:00,26.6,73,0.00,0,243,4.8
2026-06-14T04:00,26.2,74,0.00,0,272,4.5
2026-06-14T05:00,27.0,85,0.00,3,354,1.6
2026-06-14T06:00,27.3,83,0.00,0,23,3.7
2026-06-14T07:00,28.4,79,0.00,0,53,2.7
2026-06-14T08:00,30.0,72,0.00,0,45,1.0
2026-06-14T09:00,31.5,64,0.00,0,254,1.3
2026-06-14T10:00,32.9,58,0.00,0,253,3.0
2026-06-14T11:00,34.6,47,0.00,0,241,3.3
2026-06-14T12:00,35.8,41,0.00,0,231,2.6
2026-06-14T13:00,36.7,36,0.00,1,316,5.7
2026-06-14T14:00,35.9,35,0.10,51,303,9.2
2026-06-14T15:00,36.0,36,0.00,1,306,8.2
2026-06-14T16:00,34.8,39,0.40,51,312,11.3
2026-06-14T17:00,36.3,36,0.30,51,358,4.1
2026-06-14T18:00,34.9,45,0.00,0,30,3.6
2026-06-14T19:00,32.8,60,0.00,0,101,2.8
2026-06-14T20:00,31.3,69,0.00,0,77,3.3
2026-06-14T21:00,30.3,74,0.00,0,103,3.9
2026-06-14T22:00,29.8,76,0.00,0,137,3.2
2026-06-14T23:00,30.1,72,0.00,2,179,8.8
2026-06-15T00:00,30.1,60,0.00,3,238,9.1
2026-06-15T01:00,29.4,52,0.00,2,248,9.5
2026-06-15T02:00,29.0,53,0.00,2,253,8.8
2026-06-15T03:00,28.6,55,0.00,3,271,7.6
2026-06-15T04:00,28.2,56,0.00,1,274,7.4
2026-06-15T05:00,27.8,62,0.00,2,301,6.9
2026-06-15T06:00,28.1,62,0.00,3,299,5.6
2026-06-15T07:00,29.4,60,0.00,1,288,6.4
2026-06-15T08:00,31.1,52,0.00,1,283,7.2
2026-06-15T09:00,33.0,46,0.00,0,321,9.1
2026-06-15T10:00,34.4,42,0.00,0,323,8.7
2026-06-15T11:00,35.3,39,0.00,0,314,9.8
2026-06-15T12:00,36.0,36,0.00,0,311,10.1
2026-06-15T13:00,36.7,34,0.00,1,308,9.1
2026-06-15T14:00,36.7,34,0.00,3,301,14.7
2026-06-15T15:00,31.5,50,0.80,53,305,9.9
2026-06-15T16:00,32.6,47,0.20,51,325,9.4
2026-06-15T17:00,30.1,58,0.00,3,291,4.4
2026-06-15T18:00,30.1,60,0.00,3,354,5.2
2026-06-15T19:00,29.3,62,0.00,0,6,4.9
2026-06-15T20:00,28.6,66,0.00,1,347,4.1
2026-06-15T21:00,28.3,68,0.00,2,245,2.6
2026-06-15T22:00,28.1,69,0.00,1,205,2.6
2026-06-15T23:00,27.8,64,0.00,0,217,9.5
2026-06-16T00:00,27.0,61,0.00,0,229,6.6
2026-06-16T01:00,26.6,63,0.00,0,228,4.6
2026-06-16T02:00,26.2,68,0.00,0,227,3.4
2026-06-16T03:00,26.0,70,0.00,1,275,4.0
2026-06-16T04:00,26.0,69,0.00,1,268,4.5
2026-06-16T05:00,26.2,72,0.10,51,329,2.1
2026-06-16T06:00,26.9,67,0.00,1,180,1.3
2026-06-16T07:00,28.5,64,0.00,1,241,10.5
2026-06-16T08:00,29.1,60,0.00,3,262,7.8
2026-06-16T09:00,30.4,56,0.00,3,272,6.7
2026-06-16T10:00,31.6,48,0.00,3,256,9.6
2026-06-16T11:00,28.2,58,0.00,3,260,8.6
2026-06-16T12:00,29.5,51,0.00,3,282,7.7
2026-06-16T13:00,29.9,49,0.00,3,230,3.1
2026-06-16T14:00,29.7,49,0.00,3,219,3.7
2026-06-16T15:00,31.3,46,0.00,0,243,6.7
2026-06-16T16:00,32.7,39,0.00,0,284,4.5
2026-06-16T17:00,32.5,47,0.00,3,263,10.2
2026-06-16T18:00,31.8,50,0.00,3,276,8.9
2026-06-16T19:00,30.4,57,0.00,1,278,9.8
2026-06-16T20:00,29.4,62,0.00,0,276,5.4
2026-06-16T21:00,28.7,66,0.00,2,326,4.1
2026-06-16T22:00,28.5,68,0.00,2,307,3.6
2026-06-16T23:00,27.9,68,0.00,3,247,8.0
2026-06-17T00:00,27.4,69,0.00,3,259,5.9
2026-06-17T01:00,27.0,70,0.00,2,281,3.7
2026-06-17T02:00,26.5,71,0.00,0,276,5.4
2026-06-17T03:00,25.8,73,0.00,0,256,6.5
2026-06-17T04:00,25.4,74,0.00,0,276,7.4
2026-06-17T05:00,26.0,76,0.00,0,257,6.5
2026-06-17T06:00,26.2,75,0.00,0,279,5.8
2026-06-17T07:00,27.5,70,0.00,0,299,3.7
2026-06-17T08:00,29.4,61,0.00,0,297,3.2
2026-06-17T09:00,31.3,52,0.00,0,292,1.9
2026-06-17T10:00,32.9,45,0.00,0,278,1.3
2026-06-17T11:00,34.5,36,0.00,0,292,1.9
2026-06-17T12:00,36.2,31,0.00,0,306,1.5
2026-06-17T13:00,37.0,29,0.00,0,337,2.3
2026-06-17T14:00,37.7,27,0.00,0,344,3.4
2026-06-17T15:00,37.9,26,0.00,0,332,5.3
2026-06-17T16:00,37.5,27,0.00,0,332,7.6
2026-06-17T17:00,37.2,32,0.00,0,297,9.3
2026-06-17T18:00,36.5,35,0.00,0,290,9.8
2026-06-17T19:00,35.6,37,0.00,0,287,8.5
2026-06-17T20:00,35.2,38,0.00,0,292,6.2
2026-06-17T21:00,34.6,41,0.00,0,306,3.1
2026-06-17T22:00,34.2,44,0.00,0,277,1.5
2026-06-17T23:00,34.0,45,0.00,0,294,6.7
2026-06-18T00:00,33.2,48,0.00,0,296,4.6
2026-06-18T01:00,32.7,49,0.00,0,279,4.6
2026-06-18T02:00,31.2,54,0.00,0,23,4.1
2026-06-18T03:00,30.6,58,0.00,0,54,1.5
2026-06-18T04:00,30.0,60,0.00,0,101,0.9
2026-06-18T05:00,30.5,60,0.00,0,308,3.0
2026-06-18T06:00,30.9,59,0.00,0,282,3.5
2026-06-18T07:00,32.3,53,0.00,0,300,3.6
2026-06-18T08:00,34.2,44,0.00,0,330,3.6
2026-06-18T09:00,35.7,38,0.00,0,338,5.2
2026-06-18T10:00,37.0,34,0.00,0,328,5.7
2026-06-18T11:00,38.0,31,0.00,0,325,6.8
2026-06-18T12:00,38.8,29,0.00,0,322,6.7
2026-06-18T13:00,39.5,26,0.00,1,314,9.5
2026-06-18T14:00,39.2,27,0.00,1,308,11.9
2026-06-18T15:00,39.0,28,0.00,0,303,11.8
2026-06-18T16:00,38.3,28,0.00,1,302,15.3
2026-06-18T17:00,39.0,24,0.00,0,307,13.4
2026-06-18T18:00,37.9,26,0.00,0,309,12.0
2026-06-18T19:00,36.5,28,0.00,0,296,11.8
2026-06-18T20:00,35.8,31,0.00,1,289,11.4
2026-06-18T21:00,35.5,33,0.00,3,288,10.4
2026-06-18T22:00,34.5,37,0.00,3,289,12.8
2026-06-18T23:00,32.9,40,0.00,3,285,9.3
2026-06-19T00:00,32.2,42,0.00,3,291,10.4
2026-06-19T01:00,31.9,43,0.00,3,297,8.9
2026-06-19T02:00,31.5,43,0.00,1,292,9.9
2026-06-19T03:00,30.8,44,0.00,1,295,11.9
2026-06-19T04:00,29.9,48,0.00,1,306,7.6
2026-06-19T05:00,28.6,59,0.00,0,293,7.3
2026-06-19T06:00,28.8,58,0.00,0,266,7.6
2026-06-19T07:00,29.7,54,0.00,0,287,5.6
2026-06-19T08:00,31.5,49,0.00,0,339,1.5
2026-06-19T09:00,33.4,45,0.00,1,315,1.8
2026-06-19T10:00,34.9,41,0.00,0,320,2.8
2026-06-19T11:00,37.1,34,0.00,1,324,4.9
2026-06-19T12:00,38.2,31,0.00,0,311,8.3
2026-06-19T13:00,38.7,29,0.00,0,297,10.1
2026-06-19T14:00,38.8,28,0.00,0,285,11.6
2026-06-19T15:00,38.5,30,0.00,0,281,11.7
2026-06-19T16:00,38.0,32,0.00,0,284,11.5
2026-06-19T17:00,38.2,28,0.00,0,288,12.5
2026-06-19T18:00,37.2,31,0.00,0,298,12.4
2026-06-19T19:00,36.2,33,0.00,0,301,11.9
2026-06-19T20:00,35.7,36,0.00,0,310,9.8
2026-06-19T21:00,35.0,39,0.00,0,324,8.9
2026-06-19T22:00,34.2,41,0.00,0,327,8.2
2026-06-19T23:00,34.3,41,0.00,0,290,9.0
2026-06-20T00:00,33.3,44,0.00,0,292,8.6
2026-06-20T01:00,32.7,45,0.00,1,293,8.2
2026-06-20T02:00,32.0,46,0.00,0,294,7.9
2026-06-20T03:00,31.5,47,0.00,1,290,6.9
2026-06-20T04:00,31.1,48,0.00,0,287,6.2
2026-06-20T05:00,31.2,52,0.00,0,283,6.3
2026-06-20T06:00,31.3,52,0.00,0,276,5.2
2026-06-20T07:00,32.4,49,0.00,0,299,5.6
2026-06-20T08:00,34.3,42,0.00,0,307,8.1
2026-06-20T09:00,35.8,37,0.00,1,297,13.5
2026-06-20T10:00,36.3,37,0.10,51,292,13.8
2026-06-20T11:00,37.4,34,0.00,0,292,14.0
2026-06-20T12:00,38.2,32,0.00,0,291,13.5
2026-06-20T13:00,38.7,30,0.00,0,292,13.2
2026-06-20T14:00,39.1,28,0.00,1,297,13.3
2026-06-20T15:00,39.0,28,0.00,1,300,12.7
2026-06-20T16:00,38.8,29,0.00,0,297,12.3
2026-06-20T17:00,30.8,67,0.00,2,69,3.1
2026-06-20T18:00,35.8,39,0.00,0,214,6.5
2026-06-20T19:00,35.8,37,0.00,0,225,6.1
2026-06-20T20:00,36.0,35,0.00,0,253,5.6
2026-06-20T21:00,36.0,33,0.00,0,267,7.6
2026-06-20T22:00,35.7,34,0.00,0,267,7.9
2026-06-20T23:00,35.0,38,0.00,0,253,8.8
2026-06-21T00:00,34.0,39,0.00,0,270,9.4
2026-06-21T01:00,33.2,40,0.00,1,267,7.6
2026-06-21T02:00,32.6,42,0.00,2,264,6.7
2026-06-21T03:00,32.2,43,0.00,1,264,6.7
2026-06-21T04:00,31.8,45,0.00,0,264,6.9
2026-06-21T05:00,29.2,55,0.00,3,253,7.5
2026-06-21T06:00,30.0,53,0.00,2,326,8.0
2026-06-21T07:00,31.0,50,0.00,3,261,8.0
2026-06-21T08:00,32.2,46,0.00,3,282,9.0
2026-06-21T09:00,32.7,45,0.00,3,272,8.6
2026-06-21T10:00,34.5,41,0.00,0,278,8.9
2026-06-21T11:00,34.5,40,0.00,3,279,10.0
2026-06-21T12:00,35.3,37,0.00,3,288,8.9
2026-06-21T13:00,36.5,33,0.00,2,282,8.1
2026-06-21T14:00,38.0,29,0.00,0,282,9.2
2026-06-21T15:00,38.8,27,0.00,1,289,9.5
2026-06-21T16:00,38.6,27,0.00,2,285,10.0
2026-06-21T17:00,39.3,25,0.00,0,264,7.2
2026-06-21T18:00,38.5,25,0.00,1,266,9.7
2026-06-21T19:00,37.8,28,0.00,0,270,12.2
2026-06-21T20:00,37.3,29,0.00,0,265,14.3
2026-06-21T21:00,36.3,30,0.00,0,274,13.5
2026-06-21T22:00,35.0,33,0.00,1,288,11.2
2026-06-21T23:00,33.8,35,0.00,3,296,8.2
2026-06-22T00:00,33.1,36,0.00,1,312,7.0
2026-06-22T01:00,32.1,40,0.00,0,322,8.0
2026-06-22T02:00,31.0,46,0.00,0,335,9.1
2026-06-22T03:00,30.5,49,0.00,1,314,5.2
2026-06-22T04:00,30.3,50,0.00,3,279,3.5
2026-06-22T05:00,29.5,55,0.00,0,266,9.4
2026-06-22T06:00,29.3,56,0.00,1,261,11.3
2026-06-22T07:00,30.2,50,0.00,2,260,10.1
2026-06-22T08:00,32.0,41,0.00,3,275,6.7
2026-06-22T09:00,32.5,37,0.00,3,288,7.4
2026-06-22T10:00,32.8,37,0.00,3,295,13.9
2026-06-22T11:00,35.2,33,0.00,1,302,14.4
2026-06-22T12:00,36.4,33,0.00,3,325,11.2
2026-06-22T13:00,36.0,34,0.00,1,321,10.5
2026-06-22T14:00,36.8,32,0.30,51,299,12.8
2026-06-22T15:00,35.6,35,0.50,53,314,12.6
2026-06-22T16:00,35.2,37,0.10,51,319,10.2
2026-06-22T17:00,36.5,29,0.10,51,325,11.0
2026-06-22T18:00,36.0,30,0.00,1,312,8.9
2026-06-22T19:00,35.3,31,0.00,2,303,6.2
2026-06-22T20:00,35.1,33,0.00,2,284,6.7
2026-06-22T21:00,34.6,35,0.00,2,285,7.6
2026-06-22T22:00,33.8,38,0.00,2,311,7.1
2026-06-22T23:00,33.5,41,0.00,0,316,5.0
2026-06-23T00:00,32.3,46,0.00,0,320,3.1
2026-06-23T01:00,31.6,48,0.00,0,309,3.5
2026-06-23T02:00,31.0,51,0.00,0,331,3.7
2026-06-23T03:00,30.4,54,0.00,0,354,4.9
2026-06-23T04:00,29.8,55,0.00,0,2,4.7
2026-06-23T05:00,30.0,57,0.00,0,337,2.7
2026-06-23T06:00,30.5,55,0.00,0,306,2.4
2026-06-23T07:00,31.9,49,0.00,0,318,2.7
2026-06-23T08:00,33.5,43,0.00,0,333,3.2
2026-06-23T09:00,35.1,38,0.00,0,311,3.8
2026-06-23T10:00,36.7,33,0.00,0,303,6.0
2026-06-23T11:00,39.1,26,0.00,1,292,10.1
2026-06-23T12:00,37.3,28,0.40,51,318,18.5
2026-06-23T13:00,36.0,32,0.30,51,286,9.0
2026-06-23T14:00,37.6,27,0.00,2,283,13.1
2026-06-23T15:00,36.6,31,0.20,51,276,10.3
2026-06-23T16:00,36.5,31,0.00,3,295,11.4
2026-06-23T17:00,34.3,34,0.00,3,235,11.2
2026-06-23T18:00,34.3,34,0.00,3,242,7.6
2026-06-23T19:00,34.2,36,0.00,1,236,7.4
2026-06-23T20:00,33.5,39,0.00,0,258,3.5
2026-06-23T21:00,32.8,42,0.00,0,329,1.0
2026-06-23T22:00,32.6,44,0.00,0,194,1.5
2026-06-23T23:00,32.5,48,0.00,1,220,5.6

time,weather_code (wmo code),temperature_2m_mean (°C),precipitation_sum (mm),sunrise (iso8601),sunset (iso8601),daylight_duration (s)
2026-04-01,3,26.4,0.00,2026-04-01T06:10,2026-04-01T18:38,44856.92
2026-04-02,3,28.5,0.00,2026-04-02T06:09,2026-04-02T18:39,44959.91
2026-04-03,51,26.4,0.60,2026-04-03T06:08,2026-04-03T18:39,45062.66
2026-04-04,55,24.6,1.30,2026-04-04T06:07,2026-04-04T18:40,45165.12
2026-04-05,51,23.9,1.00,2026-04-05T06:06,2026-04-05T18:40,45267.21
2026-04-06,1,25.4,0.00,2026-04-06T06:05,2026-04-06T18:41,45368.87
2026-04-07,63,22.3,11.10,2026-04-07T06:04,2026-04-07T18:41,45470.01
2026-04-08,55,20.5,3.50,2026-04-08T06:02,2026-04-08T18:42,45570.58
2026-04-09,3,22.1,0.00,2026-04-09T06:01,2026-04-09T18:43,45670.50
2026-04-10,0,24.7,0.00,2026-04-10T06:00,2026-04-10T18:43,45769.68
2026-04-11,3,27.3,0.00,2026-04-11T05:59,2026-04-11T18:44,45868.08
2026-04-12,2,28.3,0.00,2026-04-12T05:58,2026-04-12T18:44,45965.64
2026-04-13,3,28.8,0.00,2026-04-13T05:57,2026-04-13T18:45,46062.98
2026-04-14,1,30.6,0.00,2026-04-14T05:56,2026-04-14T18:45,46160.34
2026-04-15,1,31.6,0.00,2026-04-15T05:55,2026-04-15T18:46,46257.63
2026-04-16,3,32.3,0.00,2026-04-16T05:54,2026-04-16T18:47,46354.79
2026-04-17,3,32.4,0.00,2026-04-17T05:53,2026-04-17T18:47,46451.74
2026-04-18,3,32.8,0.00,2026-04-18T05:52,2026-04-18T18:48,46548.42
2026-04-19,3,33.7,0.00,2026-04-19T05:51,2026-04-19T18:48,46644.76
2026-04-20,3,33.1,0.00,2026-04-20T05:50,2026-04-20T18:49,46740.70
2026-04-21,1,33.1,0.00,2026-04-21T05:49,2026-04-21T18:49,46836.13
2026-04-22,3,33.7,0.00,2026-04-22T05:48,2026-04-22T18:50,46931.02
2026-04-23,0,34.7,0.00,2026-04-23T05:47,2026-04-23T18:51,47025.26
2026-04-24,3,35.3,0.00,2026-04-24T05:46,2026-04-24T18:51,47118.79
2026-04-25,3,36.0,0.00,2026-04-25T05:45,2026-04-25T18:52,47211.54
2026-04-26,3,35.9,0.00,2026-04-26T05:44,2026-04-26T18:52,47303.41
2026-04-27,3,35.8,0.00,2026-04-27T05:43,2026-04-27T18:53,47394.32
2026-04-28,3,33.5,0.00,2026-04-28T05:42,2026-04-28T18:54,47484.21
2026-04-29,3,31.6,0.00,2026-04-29T05:41,2026-04-29T18:54,47572.98
2026-04-30,51,30.7,0.10,2026-04-30T05:40,2026-04-30T18:55,47660.55
2026-05-01,3,28.2,0.00,2026-05-01T05:40,2026-05-01T18:55,47746.82
2026-05-02,51,31.1,0.20,2026-05-02T05:39,2026-05-02T18:56,47831.76
2026-05-03,61,30.5,1.30,2026-05-03T05:38,2026-05-03T18:57,47915.95
2026-05-04,61,25.7,4.60,2026-05-04T05:37,2026-05-04T18:57,47999.58
2026-05-05,61,25.9,3.90,2026-05-05T05:36,2026-05-05T18:58,48082.58
2026-05-06,1,27.8,0.00,2026-05-06T05:36,2026-05-06T18:58,48164.89
2026-05-07,3,26.3,0.00,2026-05-07T05:35,2026-05-07T18:59,48246.41
2026-05-08,51,27.4,0.10,2026-05-08T05:34,2026-05-08T19:00,48327.10
2026-05-09,1,29.5,0.00,2026-05-09T05:33,2026-05-09T19:00,48406.86
2026-05-10,2,30.9,0.00,2026-05-10T05:33,2026-05-10T19:01,48485.62
2026-05-11,3,32.0,0.00,2026-05-11T05:32,2026-05-11T19:02,48563.30
2026-05-12,63,31.7,10.00,2026-05-12T05:31,2026-05-12T19:02,48639.83
2026-05-13,51,32.4,0.10,2026-05-13T05:31,2026-05-13T19:03,48715.12
2026-05-14,51,33.1,0.30,2026-05-14T05:30,2026-05-14T19:03,48789.10
2026-05-15,51,34.0,0.10,2026-05-15T05:30,2026-05-15T19:04,48861.67
2026-05-16,0,34.9,0.00,2026-05-16T05:29,2026-05-16T19:05,48932.76
2026-05-17,1,36.2,0.00,2026-05-17T05:28,2026-05-17T19:05,49002.28
2026-05-18,1,37.5,0.00,2026-05-18T05:28,2026-05-18T19:06,49070.14
2026-05-19,0,39.3,0.00,2026-05-19T05:27,2026-05-19T19:06,49136.26
2026-05-20,1,38.9,0.00,2026-05-20T05:27,2026-05-20T19:07,49200.55
2026-05-21,1,38.7,0.00,2026-05-21T05:26,2026-05-21T19:08,49262.91
2026-05-22,1,37.7,0.00,2026-05-22T05:26,2026-05-22T19:08,49323.30
2026-05-23,1,37.2,0.00,2026-05-23T05:26,2026-05-23T19:09,49382.17
2026-05-24,1,37.4,0.00,2026-05-24T05:25,2026-05-24T19:09,49439.65
2026-05-25,51,38.6,0.50,2026-05-25T05:25,2026-05-25T19:10,49495.70
2026-05-26,1,38.0,0.00,2026-05-26T05:25,2026-05-26T19:10,49550.27
2026-05-27,0,38.3,0.00,2026-05-27T05:24,2026-05-27T19:11,49603.29
2026-05-28,53,34.2,0.80,2026-05-28T05:24,2026-05-28T19:11,49654.70
2026-05-29,51,30.7,0.70,2026-05-29T05:24,2026-05-29T19:12,49704.46
2026-05-30,63,27.8,8.60,2026-05-30T05:23,2026-05-30T19:13,49752.51
2026-05-31,51,27.3,0.40,2026-05-31T05:23,2026-05-31T19:13,49798.78
2026-06-01,53,28.5,0.80,2026-06-01T05:23,2026-06-01T19:14,49843.22
2026-06-02,51,30.8,0.70,2026-06-02T05:23,2026-06-02T19:14,49885.78
2026-06-03,1,33.6,0.00,2026-06-03T05:23,2026-06-03T19:15,49926.39
2026-06-04,53,32.9,1.30,2026-06-04T05:22,2026-06-04T19:15,49965.00
2026-06-05,63,29.9,4.40,2026-06-05T05:22,2026-06-05T19:16,50001.55
2026-06-06,51,34.1,0.10,2026-06-06T05:22,2026-06-06T19:16,50035.98
2026-06-07,53,34.0,0.80,2026-06-07T05:22,2026-06-07T19:17,50068.24
2026-06-08,1,37.1,0.00,2026-06-08T05:22,2026-06-08T19:17,50098.27
2026-06-09,1,38.3,0.00,2026-06-09T05:22,2026-06-09T19:17,50126.02
2026-06-10,53,38.4,0.80,2026-06-10T05:22,2026-06-10T19:18,50151.41
2026-06-11,51,33.1,0.10,2026-06-11T05:22,2026-06-11T19:18,50174.43
2026-06-12,63,27.5,9.20,2026-06-12T05:22,2026-06-12T19:18,50195.22
2026-06-13,51,28.9,0.10,2026-06-13T05:22,2026-06-13T19:19,50213.86
2026-06-14,51,31.4,0.80,2026-06-14T05:22,2026-06-14T19:19,50230.33
2026-06-15,53,30.8,1.00,2026-06-15T05:22,2026-06-15T19:20,50244.64
2026-06-16,51,29.0,0.10,2026-06-16T05:22,2026-06-16T19:20,50256.79
2026-06-17,3,32.2,0.00,2026-06-17T05:22,2026-06-17T19:20,50266.76
2026-06-18,3,35.1,0.00,2026-06-18T05:23,2026-06-18T19:20,50274.56
2026-06-19,3,34.3,0.00,2026-06-19T05:23,2026-06-19T19:21,50280.18
2026-06-20,51,34.9,0.10,2026-06-20T05:23,2026-06-20T19:21,50283.63
2026-06-21,3,34.7,0.00,2026-06-21T05:23,2026-06-21T19:21,50284.91
2026-06-22,53,33.5,1.00,2026-06-22T05:23,2026-06-22T19:21,50284.00
2026-06-23,51,33.7,0.90,2026-06-23T05:24,2026-06-23T19:22,50280.93
